Date,Temperature_C,Humidity_pct
2015-01-01,18.7,67.4
2015-01-02,19.5,58.1
2015-01-03,19.1,66.4
2015-01-04,20.9,68.9
2015-01-05,20.5,58.5
2015-01-06,20.3,71.7
2015-01-07,16.0,63.1
2015-01-08,20.6,68.2
2015-01-09,23.9,59.9
2015-01-10,20.2,67.9
2015-01-11,17.9,60.8
2015-01-12,21.7,63.2
2015-01-13,17.1,65.6
2015-01-14,19.3,68.4
2015-01-15,15.5,64.0
2015-01-16,18.7,68.8
2015-01-17,17.0,66.4
2015-01-18,20.5,68.1
2015-01-19,19.1,66.2
2015-01-20,15.7,64.7
2015-01-21,16.7,65.1
2015-01-22,19.0,72.3
2015-01-23,19.1,68.4
2015-01-24,17.7,72.0
2015-01-25,18.0,58.9
2015-01-26,20.6,61.3
2015-01-27,20.5,62.5
2015-01-28,20.3,57.7
2015-01-29,19.1,59.2
2015-01-30,19.6,69.7
2015-01-31,17.5,69.3
2015-02-01,21.4,59.8
2015-02-02,22.2,61.7
2015-02-03,25.0,60.7
2015-02-04,23.2,59.9
2015-02-05,20.8,60.1
2015-02-06,25.0,65.8
2015-02-07,21.8,63.2
2015-02-08,21.3,58.7
2015-02-09,17.5,54.0
2015-02-10,23.5,64.6
2015-02-11,21.6,59.8
2015-02-12,21.2,55.5
2015-02-13,19.6,66.5
2015-02-14,21.5,58.2
2015-02-15,21.4,63.5
2015-02-16,20.2,71.3
2015-02-17,23.4,58.9
2015-02-18,20.3,64.8
2015-02-19,21.0,73.1
2015-02-20,21.9,59.0
2015-02-21,24.6,52.7
2015-02-22,23.4,62.4
2015-02-23,21.3,66.8
2015-02-24,22.3,60.8
2015-02-25,22.7,63.4
2015-02-26,23.3,58.4
2015-02-27,21.6,58.7
2015-02-28,21.6,69.3
2015-03-01,25.6,60.9
2015-03-02,25.0,54.7
2015-03-03,23.3,57.6
2015-03-04,28.8,60.1
2015-03-05,24.3,49.1
2015-03-06,25.7,64.4
2015-03-07,26.6,56.2
2015-03-08,29.9,57.1
2015-03-09,28.6,57.1
2015-03-10,31.5,52.8
2015-03-11,25.5,69.2
2015-03-12,23.9,61.9
2015-03-13,25.0,66.2
2015-03-14,25.3,54.8
2015-03-15,25.2,56.7
2015-03-16,25.0,63.2
2015-03-17,27.2,54.9
2015-03-18,30.0,54.5
2015-03-19,23.9,64.3
2015-03-20,25.3,55.7
2015-03-21,27.7,52.5
2015-03-22,26.9,60.6
2015-03-23,24.6,64.6
2015-03-24,24.2,56.4
2015-03-25,26.7,62.5
2015-03-26,25.5,64.4
2015-03-27,26.2,59.5
2015-03-28,27.4,60.2
2015-03-29,25.3,64.2
2015-03-30,26.4,50.6
2015-03-31,23.3,49.8
2015-04-01,29.8,61.5
2015-04-02,31.1,68.2
2015-04-03,32.0,62.5
2015-04-04,33.1,63.9
2015-04-05,28.9,58.4
2015-04-06,30.3,67.0
2015-04-07,27.5,71.6
2015-04-08,32.4,62.8
2015-04-09,30.1,63.1
2015-04-10,30.2,74.9
2015-04-11,30.3,67.8
2015-04-12,29.0,61.7
2015-04-13,32.8,69.4
2015-04-14,27.0,56.8
2015-04-15,34.6,61.1
2015-04-16,24.1,79.4
2015-04-17,28.3,60.5
2015-04-18,28.2,69.7
2015-04-19,27.3,69.7
2015-04-20,29.0,67.6
2015-04-21,28.6,59.7
2015-04-22,30.6,66.2
2015-04-23,30.2,64.7
2015-04-24,28.0,66.0
2015-04-25,31.4,57.1
2015-04-26,30.8,60.1
2015-04-27,31.1,59.4
2015-04-28,26.1,64.5
2015-04-29,30.5,63.6
2015-04-30,31.0,62.5
2015-05-01,30.3,69.7
2015-05-02,30.9,75.8
2015-05-03,28.9,70.6
2015-05-04,32.6,74.0
2015-05-05,30.1,73.7
2015-05-06,33.3,69.2
2015-05-07,35.4,71.4
2015-05-08,30.6,76.7
2015-05-09,34.4,81.5
2015-05-10,30.7,79.3
2015-05-11,32.7,75.8
2015-05-12,30.7,73.3
2015-05-13,31.2,78.7
2015-05-14,29.7,72.6
2015-05-15,34.3,70.8
2015-05-16,32.1,72.8
2015-05-17,31.9,81.6
2015-05-18,31.3,78.5
2015-05-19,33.8,82.3
2015-05-20,34.1,68.0
2015-05-21,28.7,72.9
2015-05-22,29.2,88.1
2015-05-23,30.0,71.5
2015-05-24,32.7,80.1
2015-05-25,33.2,80.3
2015-05-26,31.7,80.9
2015-05-27,30.4,78.2
2015-05-28,31.4,69.3
2015-05-29,35.4,71.9
2015-05-30,34.0,79.8
2015-05-31,31.4,74.9
2015-06-01,29.7,92.4
2015-06-02,31.8,85.7
2015-06-03,32.8,78.2
2015-06-04,30.5,92.8
2015-06-05,28.1,78.8
2015-06-06,33.2,84.1
2015-06-07,26.6,78.8
2015-06-08,33.9,87.8
2015-06-09,31.3,81.7
2015-06-10,30.1,85.6
2015-06-11,28.6,98.0
2015-06-12,32.0,83.9
2015-06-13,29.3,79.1
2015-06-14,35.0,85.4
2015-06-15,34.3,75.5
2015-06-16,29.6,88.3
2015-06-17,31.2,100.0
2015-06-18,30.5,90.1
2015-06-19,30.3,85.8
2015-06-20,29.7,93.0
2015-06-21,30.7,87.7
2015-06-22,32.7,88.2
2015-06-23,31.6,84.9
2015-06-24,33.5,88.4
2015-06-25,31.8,86.2
2015-06-26,29.8,81.6
2015-06-27,36.7,90.8
2015-06-28,29.2,78.3
2015-06-29,29.0,79.6
2015-06-30,28.5,87.7
2015-07-01,27.1,83.6
2015-07-02,29.1,84.3
2015-07-03,29.9,89.4
2015-07-04,30.5,95.4
2015-07-05,32.3,93.1
2015-07-06,27.2,78.7
2015-07-07,30.5,90.1
2015-07-08,29.3,90.6
2015-07-09,29.5,74.6
2015-07-10,30.1,90.9
2015-07-11,33.4,100.0
2015-07-12,29.6,92.6
2015-07-13,30.2,91.8
2015-07-14,28.1,79.0
2015-07-15,31.0,90.4
2015-07-16,26.5,91.0
2015-07-17,28.4,86.7
2015-07-18,30.7,84.4
2015-07-19,29.3,91.4
2015-07-20,28.1,96.4
2015-07-21,26.8,82.5
2015-07-22,31.2,78.5
2015-07-23,30.8,86.9
2015-07-24,28.8,88.6
2015-07-25,29.4,90.6
2015-07-26,31.0,91.4
2015-07-27,30.1,86.2
2015-07-28,28.7,89.1
2015-07-29,29.1,90.4
2015-07-30,28.3,87.5
2015-07-31,26.5,96.4
2015-08-01,32.2,89.2
2015-08-02,29.0,91.2
2015-08-03,29.7,74.8
2015-08-04,27.8,86.5
2015-08-05,29.7,83.1
2015-08-06,28.3,90.5
2015-08-07,28.4,91.6
2015-08-08,30.9,85.7
2015-08-09,33.6,89.4
2015-08-10,32.2,93.6
2015-08-11,28.1,84.0
2015-08-12,26.3,89.8
2015-08-13,30.0,78.0
2015-08-14,28.6,86.7
2015-08-15,32.6,80.2
2015-08-16,28.4,81.6
2015-08-17,31.7,89.0
2015-08-18,27.0,87.2
2015-08-19,30.6,89.3
2015-08-20,29.9,86.7
2015-08-21,27.2,68.3
2015-08-22,30.6,86.7
2015-08-23,31.8,75.9
2015-08-24,31.5,98.4
2015-08-25,29.1,80.3
2015-08-26,30.7,82.1
2015-08-27,28.3,89.2
2015-08-28,30.1,87.1
2015-08-29,31.1,85.7
2015-08-30,28.2,85.4
2015-08-31,27.4,83.0
2015-09-01,28.8,81.2
2015-09-02,29.7,84.9
2015-09-03,30.3,84.8
2015-09-04,30.0,78.4
2015-09-05,31.3,80.8
2015-09-06,27.9,95.0
2015-09-07,27.8,88.2
2015-09-08,27.9,97.8
2015-09-09,28.0,87.1
2015-09-10,30.6,92.9
2015-09-11,33.0,87.3
2015-09-12,30.4,94.0
2015-09-13,27.4,84.6
2015-09-14,28.5,75.4
2015-09-15,29.8,81.3
2015-09-16,28.6,83.4
2015-09-17,30.1,87.6
2015-09-18,26.8,83.3
2015-09-19,29.9,80.5
2015-09-20,29.1,85.4
2015-09-21,29.7,90.3
2015-09-22,29.0,80.8
2015-09-23,28.9,83.0
2015-09-24,27.6,88.3
2015-09-25,32.2,85.7
2015-09-26,28.3,78.3
2015-09-27,30.2,83.2
2015-09-28,30.2,84.8
2015-09-29,29.0,81.3
2015-09-30,30.9,80.9
2015-10-01,28.1,79.5
2015-10-02,27.5,84.2
2015-10-03,29.2,73.6
2015-10-04,26.3,79.9
2015-10-05,27.7,69.9
2015-10-06,28.4,82.3
2015-10-07,27.5,70.5
2015-10-08,30.1,72.5
2015-10-09,28.2,71.5
2015-10-10,29.5,75.3
2015-10-11,27.6,79.2
2015-10-12,29.0,79.2
2015-10-13,31.8,75.1
2015-10-14,26.9,79.4
2015-10-15,29.0,74.6
2015-10-16,28.9,81.2
2015-10-17,28.4,82.0
2015-10-18,30.2,73.8
2015-10-19,29.5,77.7
2015-10-20,27.6,68.7
2015-10-21,30.4,71.4
2015-10-22,26.6,73.1
2015-10-23,27.6,79.0
2015-10-24,26.6,77.7
2015-10-25,30.4,67.7
2015-10-26,28.4,82.1
2015-10-27,27.7,84.2
2015-10-28,30.9,67.5
2015-10-29,29.0,81.9
2015-10-30,29.0,71.7
2015-10-31,24.7,76.1
2015-11-01,26.9,65.1
2015-11-02,25.7,70.0
2015-11-03,25.9,61.6
2015-11-04,28.0,65.5
2015-11-05,24.8,60.5
2015-11-06,25.0,70.1
2015-11-07,28.1,66.2
2015-11-08,22.5,68.7
2015-11-09,24.7,68.8
2015-11-10,24.4,66.0
2015-11-11,23.8,66.8
2015-11-12,26.8,65.8
2015-11-13,26.3,66.3
2015-11-14,25.2,63.1
2015-11-15,26.1,66.6
2015-11-16,25.5,63.6
2015-11-17,23.1,69.0
2015-11-18,26.4,64.0
2015-11-19,25.0,73.4
2015-11-20,24.1,67.9
2015-11-21,26.0,70.6
2015-11-22,25.3,69.0
2015-11-23,24.6,68.0
2015-11-24,26.9,63.9
2015-11-25,24.6,70.6
2015-11-26,25.2,67.4
2015-11-27,27.2,60.6
2015-11-28,22.5,72.6
2015-11-29,23.9,78.3
2015-11-30,23.7,70.5
2015-12-01,19.9,59.0
2015-12-02,19.0,69.0
2015-12-03,21.4,63.7
2015-12-04,20.4,68.1
2015-12-05,20.1,63.8
2015-12-06,20.7,62.9
2015-12-07,20.1,59.0
2015-12-08,19.4,67.5
2015-12-09,19.6,59.7
2015-12-10,21.4,68.9
2015-12-11,22.5,68.9
2015-12-12,21.3,61.5
2015-12-13,19.4,66.8
2015-12-14,17.3,66.9
2015-12-15,22.9,62.7
2015-12-16,18.6,62.9
2015-12-17,20.8,65.5
2015-12-18,20.0,66.6
2015-12-19,20.0,79.1
2015-12-20,19.7,59.9
2015-12-21,21.1,73.3
2015-12-22,21.0,63.5
2015-12-23,22.7,68.7
2015-12-24,21.4,73.5
2015-12-25,19.8,68.8
2015-12-26,20.0,60.5
2015-12-27,22.3,66.0
2015-12-28,19.5,61.0
2015-12-29,21.4,66.3
2015-12-30,19.3,68.7
2015-12-31,19.7,62.4
2016-01-01,20.8,63.4
2016-01-02,19.0,64.6
2016-01-03,16.6,60.5
2016-01-04,20.3,68.2
2016-01-05,19.4,69.7
2016-01-06,23.0,68.7
2016-01-07,20.0,64.6
2016-01-08,18.7,68.6
2016-01-09,19.6,68.0
2016-01-10,20.6,66.9
2016-01-11,17.6,64.4
2016-01-12,18.4,67.8
2016-01-13,17.1,72.5
2016-01-14,19.3,69.4
2016-01-15,19.2,62.1
2016-01-16,21.4,69.8
2016-01-17,19.8,60.3
2016-01-18,19.9,67.7
2016-01-19,21.2,65.5
2016-01-20,19.0,66.3
2016-01-21,16.7,67.8
2016-01-22,17.1,66.9
2016-01-23,16.9,66.1
2016-01-24,20.1,67.2
2016-01-25,17.8,63.6
2016-01-26,18.2,61.9
2016-01-27,18.9,73.7
2016-01-28,17.3,67.8
2016-01-29,18.2,64.2
2016-01-30,21.5,58.2
2016-01-31,18.2,63.9
2016-02-01,25.3,62.1
2016-02-02,22.4,63.1
2016-02-03,21.2,56.4
2016-02-04,24.5,58.5
2016-02-05,24.4,62.3
2016-02-06,21.0,54.3
2016-02-07,20.2,54.2
2016-02-08,21.5,65.4
2016-02-09,20.6,57.7
2016-02-10,21.2,68.1
2016-02-11,20.8,61.2
2016-02-12,20.0,61.9
2016-02-13,24.4,64.4
2016-02-14,22.5,63.2
2016-02-15,21.7,62.5
2016-02-16,24.1,64.5
2016-02-17,23.0,57.2
2016-02-18,21.1,56.2
2016-02-19,23.6,56.9
2016-02-20,24.8,66.3
2016-02-21,22.5,60.5
2016-02-22,22.4,53.0
2016-02-23,21.0,57.2
2016-02-24,21.4,55.3
2016-02-25,20.4,53.3
2016-02-26,20.5,58.1
2016-02-27,23.1,60.3
2016-02-28,22.9,57.6
2016-02-29,21.6,62.0
2016-03-01,28.6,60.3
2016-03-02,26.7,59.4
2016-03-03,25.4,65.1
2016-03-04,24.6,66.6
2016-03-05,28.2,63.6
2016-03-06,26.2,62.2
2016-03-07,23.4,52.5
2016-03-08,25.4,53.3
2016-03-09,25.5,55.4
2016-03-10,25.3,60.6
2016-03-11,24.8,56.3
2016-03-12,25.4,63.6
2016-03-13,26.3,57.6
2016-03-14,26.2,52.0
2016-03-15,26.0,63.2
2016-03-16,27.0,54.4
2016-03-17,22.0,55.7
2016-03-18,25.9,61.5
2016-03-19,27.3,53.7
2016-03-20,27.0,69.6
2016-03-21,25.2,65.8
2016-03-22,24.6,62.3
2016-03-23,24.2,59.0
2016-03-24,25.0,67.0
2016-03-25,24.7,71.0
2016-03-26,25.3,59.5
2016-03-27,26.2,53.2
2016-03-28,27.7,65.9
2016-03-29,24.5,63.7
2016-03-30,24.9,49.8
2016-03-31,26.2,60.7
2016-04-01,30.5,64.1
2016-04-02,33.7,65.3
2016-04-03,31.3,62.0
2016-04-04,29.4,67.7
2016-04-05,30.1,56.6
2016-04-06,30.6,74.3
2016-04-07,28.4,63.6
2016-04-08,29.5,63.6
2016-04-09,29.7,67.6
2016-04-10,30.6,56.2
2016-04-11,31.8,72.8
2016-04-12,28.8,65.0
2016-04-13,29.6,64.8
2016-04-14,26.1,63.2
2016-04-15,31.8,75.9
2016-04-16,27.1,66.7
2016-04-17,27.4,64.2
2016-04-18,27.5,57.3
2016-04-19,27.3,59.5
2016-04-20,30.3,63.9
2016-04-21,26.6,57.9
2016-04-22,27.3,66.1
2016-04-23,28.6,66.7
2016-04-24,29.0,62.8
2016-04-25,27.0,70.8
2016-04-26,28.3,61.0
2016-04-27,31.1,61.9
2016-04-28,30.1,69.2
2016-04-29,27.4,67.2
2016-04-30,25.1,68.8
2016-05-01,32.6,76.7
2016-05-02,32.8,67.8
2016-05-03,28.8,71.7
2016-05-04,32.0,76.4
2016-05-05,30.7,76.6
2016-05-06,31.9,72.2
2016-05-07,30.9,65.7
2016-05-08,36.8,69.8
2016-05-09,31.5,69.4
2016-05-10,33.1,72.6
2016-05-11,28.0,78.8
2016-05-12,29.5,73.5
2016-05-13,31.4,79.6
2016-05-14,31.4,81.0
2016-05-15,31.2,67.7
2016-05-16,31.2,79.6
2016-05-17,31.7,80.4
2016-05-18,32.0,69.4
2016-05-19,31.7,82.5
2016-05-20,32.6,75.8
2016-05-21,33.8,76.6
2016-05-22,36.4,70.6
2016-05-23,31.2,75.9
2016-05-24,35.3,82.5
2016-05-25,31.7,80.1
2016-05-26,33.5,79.7
2016-05-27,29.1,72.5
2016-05-28,29.3,72.0
2016-05-29,32.0,77.2
2016-05-30,27.8,69.6
2016-05-31,35.8,75.1
2016-06-01,31.6,77.4
2016-06-02,29.8,81.9
2016-06-03,28.3,89.0
2016-06-04,27.7,90.0
2016-06-05,31.7,79.0
2016-06-06,32.6,81.6
2016-06-07,31.6,78.9
2016-06-08,30.4,83.1
2016-06-09,30.3,70.4
2016-06-10,32.0,82.0
2016-06-11,30.2,80.2
2016-06-12,28.1,84.4
2016-06-13,30.0,97.1
2016-06-14,30.0,81.1
2016-06-15,30.1,84.5
2016-06-16,33.2,91.3
2016-06-17,27.3,86.1
2016-06-18,28.0,88.0
2016-06-19,28.5,86.0
2016-06-20,28.7,83.3
2016-06-21,30.3,92.5
2016-06-22,27.0,81.6
2016-06-23,33.5,92.0
2016-06-24,32.1,86.6
2016-06-25,31.6,87.9
2016-06-26,30.8,82.0
2016-06-27,29.7,84.0
2016-06-28,30.3,80.7
2016-06-29,31.2,84.3
2016-06-30,28.6,80.0
2016-07-01,30.7,84.7
2016-07-02,31.8,86.5
2016-07-03,30.9,92.3
2016-07-04,30.7,94.0
2016-07-05,25.8,90.7
2016-07-06,30.0,67.6
2016-07-07,28.2,83.9
2016-07-08,28.8,87.8
2016-07-09,28.2,87.3
2016-07-10,29.2,95.3
2016-07-11,28.9,85.8
2016-07-12,29.9,87.4
2016-07-13,30.7,87.2
2016-07-14,29.0,89.8
2016-07-15,28.4,87.0
2016-07-16,31.2,80.5
2016-07-17,30.2,93.2
2016-07-18,31.9,85.6
2016-07-19,32.7,91.3
2016-07-20,31.1,90.6
2016-07-21,29.5,92.4
2016-07-22,29.1,95.9
2016-07-23,30.8,91.4
2016-07-24,30.3,90.7
2016-07-25,32.3,91.5
2016-07-26,30.8,83.4
2016-07-27,27.8,84.8
2016-07-28,33.3,82.5
2016-07-29,29.8,88.9
2016-07-30,31.7,81.4
2016-07-31,29.7,99.7
2016-08-01,29.0,86.6
2016-08-02,29.8,84.3
2016-08-03,28.2,100.0
2016-08-04,29.9,85.9
2016-08-05,29.5,88.9
2016-08-06,29.0,81.8
2016-08-07,28.5,100.0
2016-08-08,31.2,95.1
2016-08-09,30.5,93.6
2016-08-10,30.7,80.2
2016-08-11,32.5,81.1
2016-08-12,29.6,97.7
2016-08-13,35.4,91.8
2016-08-14,31.7,74.9
2016-08-15,33.8,91.0
2016-08-16,28.2,68.1
2016-08-17,27.2,75.9
2016-08-18,34.2,83.5
2016-08-19,27.1,85.9
2016-08-20,28.6,91.8
2016-08-21,28.2,96.1
2016-08-22,27.8,83.6
2016-08-23,29.3,83.5
2016-08-24,25.8,84.1
2016-08-25,30.3,79.9
2016-08-26,30.5,85.6
2016-08-27,32.1,91.2
2016-08-28,28.7,89.0
2016-08-29,27.5,82.9
2016-08-30,30.8,74.4
2016-08-31,34.1,90.4
2016-09-01,30.8,73.2
2016-09-02,30.2,81.7
2016-09-03,26.3,82.4
2016-09-04,27.7,86.4
2016-09-05,32.3,88.5
2016-09-06,31.9,77.0
2016-09-07,27.5,75.2
2016-09-08,30.6,86.7
2016-09-09,27.1,89.6
2016-09-10,29.3,89.7
2016-09-11,28.9,87.2
2016-09-12,28.6,85.4
2016-09-13,29.4,82.5
2016-09-14,28.4,77.9
2016-09-15,31.4,89.7
2016-09-16,28.6,75.7
2016-09-17,30.9,77.0
2016-09-18,32.2,85.7
2016-09-19,30.8,81.9
2016-09-20,30.3,77.3
2016-09-21,26.7,94.3
2016-09-22,29.2,79.0
2016-09-23,30.2,80.0
2016-09-24,26.4,79.6
2016-09-25,30.2,94.6
2016-09-26,29.4,80.1
2016-09-27,26.7,83.7
2016-09-28,30.7,78.3
2016-09-29,26.2,86.7
2016-09-30,29.4,91.4
2016-10-01,30.1,68.5
2016-10-02,26.7,77.7
2016-10-03,32.1,77.2
2016-10-04,28.7,75.5
2016-10-05,30.1,78.3
2016-10-06,28.9,79.2
2016-10-07,28.8,72.4
2016-10-08,28.8,86.9
2016-10-09,27.6,73.9
2016-10-10,27.3,77.2
2016-10-11,27.8,72.4
2016-10-12,29.5,76.0
2016-10-13,29.2,76.6
2016-10-14,29.1,75.7
2016-10-15,27.1,80.0
2016-10-16,30.3,70.0
2016-10-17,29.2,81.3
2016-10-18,28.7,75.3
2016-10-19,30.0,78.0
2016-10-20,27.8,77.4
2016-10-21,29.8,72.3
2016-10-22,27.9,81.5
2016-10-23,29.0,76.8
2016-10-24,27.6,76.6
2016-10-25,27.3,73.3
2016-10-26,28.2,72.2
2016-10-27,27.8,66.0
2016-10-28,28.7,78.4
2016-10-29,31.4,76.0
2016-10-30,27.7,73.5
2016-10-31,31.5,70.0
2016-11-01,27.3,69.2
2016-11-02,25.6,64.7
2016-11-03,28.1,67.7
2016-11-04,24.7,71.2
2016-11-05,22.6,60.4
2016-11-06,26.7,74.3
2016-11-07,25.0,57.8
2016-11-08,24.6,59.5
2016-11-09,27.1,66.0
2016-11-10,26.1,61.6
2016-11-11,26.3,70.9
2016-11-12,25.5,77.1
2016-11-13,27.5,59.8
2016-11-14,24.4,66.7
2016-11-15,23.7,72.8
2016-11-16,22.5,66.7
2016-11-17,23.5,60.5
2016-11-18,26.8,72.8
2016-11-19,21.2,69.8
2016-11-20,23.2,76.2
2016-11-21,25.4,76.1
2016-11-22,24.6,68.8
2016-11-23,24.1,70.1
2016-11-24,25.6,73.9
2016-11-25,24.5,75.3
2016-11-26,28.1,59.3
2016-11-27,24.4,67.0
2016-11-28,23.2,67.7
2016-11-29,25.3,65.1
2016-11-30,26.2,64.1
2016-12-01,18.0,64.5
2016-12-02,13.1,75.7
2016-12-03,20.7,67.0
2016-12-04,20.9,65.0
2016-12-05,19.9,76.3
2016-12-06,19.5,63.6
2016-12-07,19.3,66.1
2016-12-08,21.2,62.7
2016-12-09,19.3,66.8
2016-12-10,17.1,65.4
2016-12-11,20.2,67.5
2016-12-12,21.7,64.2
2016-12-13,22.4,72.4
2016-12-14,19.8,77.9
2016-12-15,17.5,73.0
2016-12-16,19.4,67.0
2016-12-17,19.4,69.9
2016-12-18,16.6,71.9
2016-12-19,21.0,66.2
2016-12-20,17.9,62.4
2016-12-21,21.4,68.4
2016-12-22,20.6,63.7
2016-12-23,22.3,60.1
2016-12-24,21.8,67.6
2016-12-25,20.4,69.7
2016-12-26,19.6,66.5
2016-12-27,19.6,65.7
2016-12-28,21.8,62.8
2016-12-29,18.3,72.2
2016-12-30,21.6,64.9
2016-12-31,21.5,77.3
2017-01-01,18.6,76.5
2017-01-02,16.7,63.3
2017-01-03,20.9,62.0
2017-01-04,18.4,70.9
2017-01-05,16.7,70.9
2017-01-06,16.7,72.1
2017-01-07,16.7,71.1
2017-01-08,20.3,66.5
2017-01-09,20.0,62.2
2017-01-10,16.4,69.2
2017-01-11,18.8,62.7
2017-01-12,21.2,76.9
2017-01-13,18.8,67.6
2017-01-14,18.1,63.7
2017-01-15,20.7,66.5
2017-01-16,18.8,64.6
2017-01-17,22.4,72.7
2017-01-18,18.4,65.2
2017-01-19,19.4,63.0
2017-01-20,18.9,60.9
2017-01-21,18.0,72.2
2017-01-22,21.4,61.0
2017-01-23,18.0,68.6
2017-01-24,17.2,65.1
2017-01-25,16.2,70.6
2017-01-26,17.8,62.8
2017-01-27,20.0,77.0
2017-01-28,18.9,62.1
2017-01-29,17.8,71.9
2017-01-30,17.5,56.3
2017-01-31,17.7,72.5
2017-02-01,22.0,53.2
2017-02-02,22.6,68.0
2017-02-03,24.9,68.8
2017-02-04,21.6,66.5
2017-02-05,21.7,62.1
2017-02-06,20.9,62.0
2017-02-07,24.5,64.4
2017-02-08,20.2,59.0
2017-02-09,21.2,53.7
2017-02-10,20.1,69.4
2017-02-11,23.7,51.2
2017-02-12,20.5,64.5
2017-02-13,21.2,54.9
2017-02-14,21.4,54.6
2017-02-15,21.1,61.1
2017-02-16,23.4,63.5
2017-02-17,20.0,65.7
2017-02-18,21.8,56.9
2017-02-19,22.9,52.8
2017-02-20,23.5,57.0
2017-02-21,23.3,68.3
2017-02-22,20.7,61.0
2017-02-23,21.8,61.4
2017-02-24,23.1,57.3
2017-02-25,20.7,58.1
2017-02-26,20.3,59.4
2017-02-27,19.9,72.1
2017-02-28,19.1,55.5
2017-03-01,28.5,64.5
2017-03-02,27.4,53.9
2017-03-03,31.0,61.0
2017-03-04,29.1,61.3
2017-03-05,22.1,52.9
2017-03-06,28.4,59.5
2017-03-07,24.0,56.3
2017-03-08,28.4,55.0
2017-03-09,26.5,59.9
2017-03-10,30.2,49.9
2017-03-11,25.8,67.8
2017-03-12,26.1,57.5
2017-03-13,27.2,62.9
2017-03-14,25.9,56.5
2017-03-15,27.0,59.9
2017-03-16,24.3,60.9
2017-03-17,26.9,52.2
2017-03-18,28.7,52.7
2017-03-19,20.6,62.3
2017-03-20,29.0,61.0
2017-03-21,25.7,69.8
2017-03-22,22.6,56.1
2017-03-23,25.1,57.9
2017-03-24,25.2,59.5
2017-03-25,24.8,64.6
2017-03-26,29.3,58.6
2017-03-27,27.7,56.1
2017-03-28,29.8,68.1
2017-03-29,25.0,56.2
2017-03-30,27.3,64.3
2017-03-31,28.4,56.3
2017-04-01,32.1,65.8
2017-04-02,25.3,65.9
2017-04-03,29.7,68.7
2017-04-04,30.5,56.7
2017-04-05,33.8,61.4
2017-04-06,31.6,71.2
2017-04-07,29.9,62.2
2017-04-08,32.0,63.8
2017-04-09,31.8,63.9
2017-04-10,26.7,65.0
2017-04-11,28.4,62.7
2017-04-12,25.6,73.4
2017-04-13,25.7,65.6
2017-04-14,27.9,69.1
2017-04-15,30.3,65.8
2017-04-16,29.1,58.2
2017-04-17,30.8,64.0
2017-04-18,31.5,66.1
2017-04-19,28.8,69.2
2017-04-20,28.9,64.3
2017-04-21,30.9,67.5
2017-04-22,31.7,64.2
2017-04-23,32.2,63.0
2017-04-24,29.2,62.6
2017-04-25,27.9,65.0
2017-04-26,29.2,62.8
2017-04-27,26.7,63.6
2017-04-28,30.0,73.0
2017-04-29,28.9,58.4
2017-04-30,30.2,75.5
2017-05-01,31.7,73.7
2017-05-02,31.3,74.8
2017-05-03,32.3,84.9
2017-05-04,32.5,74.3
2017-05-05,38.0,85.4
2017-05-06,33.6,82.0
2017-05-07,32.6,63.6
2017-05-08,29.0,73.9
2017-05-09,33.3,76.8
2017-05-10,32.0,74.3
2017-05-11,29.2,73.2
2017-05-12,31.0,79.6
2017-05-13,31.4,77.6
2017-05-14,33.3,69.1
2017-05-15,32.9,79.8
2017-05-16,28.9,78.1
2017-05-17,32.7,69.0
2017-05-18,30.0,71.2
2017-05-19,33.3,64.1
2017-05-20,31.2,73.4
2017-05-21,30.0,76.9
2017-05-22,32.3,79.1
2017-05-23,31.0,75.9
2017-05-24,32.3,74.6
2017-05-25,30.0,71.0
2017-05-26,32.3,80.5
2017-05-27,30.0,79.7
2017-05-28,30.8,69.3
2017-05-29,35.3,75.0
2017-05-30,32.8,69.4
2017-05-31,35.3,77.3
2017-06-01,28.4,91.1
2017-06-02,31.6,91.9
2017-06-03,31.0,91.3
2017-06-04,28.1,87.7
2017-06-05,30.2,74.0
2017-06-06,32.2,84.5
2017-06-07,33.8,90.7
2017-06-08,29.9,88.2
2017-06-09,27.5,84.8
2017-06-10,33.3,85.1
2017-06-11,30.5,73.2
2017-06-12,27.8,88.8
2017-06-13,28.4,96.0
2017-06-14,31.5,97.6
2017-06-15,29.5,90.7
2017-06-16,29.1,94.2
2017-06-17,27.7,83.9
2017-06-18,30.8,88.9
2017-06-19,33.3,77.0
2017-06-20,30.5,83.5
2017-06-21,25.5,96.5
2017-06-22,30.0,96.1
2017-06-23,31.8,83.2
2017-06-24,33.5,92.3
2017-06-25,28.1,81.6
2017-06-26,31.8,92.5
2017-06-27,29.1,86.7
2017-06-28,34.0,80.9
2017-06-29,30.8,73.4
2017-06-30,29.9,83.8
2017-07-01,26.3,90.5
2017-07-02,33.6,96.3
2017-07-03,28.0,92.1
2017-07-04,31.0,83.1
2017-07-05,31.8,90.2
2017-07-06,29.4,90.8
2017-07-07,28.4,91.9
2017-07-08,26.5,87.2
2017-07-09,28.7,80.5
2017-07-10,29.7,89.3
2017-07-11,26.5,80.0
2017-07-12,30.7,96.6
2017-07-13,28.9,86.1
2017-07-14,30.1,88.8
2017-07-15,29.2,87.1
2017-07-16,30.7,74.7
2017-07-17,29.0,92.7
2017-07-18,27.5,90.2
2017-07-19,32.1,92.1
2017-07-20,29.8,88.9
2017-07-21,28.4,84.3
2017-07-22,30.4,93.5
2017-07-23,26.1,85.8
2017-07-24,29.3,90.0
2017-07-25,31.8,94.6
2017-07-26,27.1,97.4
2017-07-27,30.7,90.2
2017-07-28,28.9,77.9
2017-07-29,31.4,83.9
2017-07-30,28.1,91.8
2017-07-31,28.9,87.0
2017-08-01,28.7,92.8
2017-08-02,25.8,86.8
2017-08-03,29.9,80.7
2017-08-04,29.5,88.7
2017-08-05,31.3,90.1
2017-08-06,30.1,88.6
2017-08-07,23.3,84.2
2017-08-08,28.7,80.8
2017-08-09,29.3,92.1
2017-08-10,27.2,87.0
2017-08-11,29.7,90.0
2017-08-12,30.5,90.7
2017-08-13,28.0,78.0
2017-08-14,32.3,76.4
2017-08-15,27.2,77.2
2017-08-16,30.6,90.4
2017-08-17,29.7,85.7
2017-08-18,26.5,87.9
2017-08-19,26.4,93.9
2017-08-20,28.9,90.8
2017-08-21,29.7,89.0
2017-08-22,27.4,86.3
2017-08-23,30.1,75.4
2017-08-24,32.1,86.6
2017-08-25,29.1,87.4
2017-08-26,29.6,78.8
2017-08-27,30.4,85.5
2017-08-28,29.2,83.7
2017-08-29,30.6,100.0
2017-08-30,27.5,82.3
2017-08-31,28.9,87.2
2017-09-01,31.5,77.5
2017-09-02,30.0,86.8
2017-09-03,27.8,91.3
2017-09-04,28.0,88.4
2017-09-05,30.1,78.6
2017-09-06,29.6,74.5
2017-09-07,31.7,81.1
2017-09-08,30.1,83.7
2017-09-09,28.7,80.7
2017-09-10,30.0,85.6
2017-09-11,29.3,86.2
2017-09-12,27.0,86.4
2017-09-13,29.4,93.6
2017-09-14,30.4,90.0
2017-09-15,27.8,85.7
2017-09-16,28.5,83.8
2017-09-17,30.3,81.1
2017-09-18,29.2,80.6
2017-09-19,28.5,82.1
2017-09-20,26.6,84.9
2017-09-21,28.7,82.9
2017-09-22,29.1,86.5
2017-09-23,32.1,84.9
2017-09-24,28.1,83.0
2017-09-25,31.4,80.4
2017-09-26,31.5,75.3
2017-09-27,31.2,78.9
2017-09-28,30.1,80.7
2017-09-29,29.9,72.3
2017-09-30,29.1,90.0
2017-10-01,30.7,71.9
2017-10-02,28.9,68.4
2017-10-03,30.1,82.2
2017-10-04,30.9,76.8
2017-10-05,30.2,77.6
2017-10-06,28.3,76.9
2017-10-07,28.9,73.5
2017-10-08,29.6,70.0
2017-10-09,28.2,71.8
2017-10-10,29.5,74.1
2017-10-11,32.1,76.1
2017-10-12,29.6,70.8
2017-10-13,31.1,76.2
2017-10-14,31.1,79.3
2017-10-15,30.7,76.3
2017-10-16,30.1,73.2
2017-10-17,27.8,79.2
2017-10-18,30.5,80.2
2017-10-19,28.3,70.6
2017-10-20,28.8,82.2
2017-10-21,29.7,69.6
2017-10-22,28.7,71.4
2017-10-23,28.8,79.8
2017-10-24,29.2,79.7
2017-10-25,29.5,73.4
2017-10-26,29.6,75.2
2017-10-27,29.3,72.3
2017-10-28,28.5,61.2
2017-10-29,31.6,75.4
2017-10-30,31.3,68.0
2017-10-31,30.7,69.4
2017-11-01,26.8,75.5
2017-11-02,24.2,63.3
2017-11-03,24.4,59.8
2017-11-04,24.7,76.2
2017-11-05,24.5,69.1
2017-11-06,27.7,56.9
2017-11-07,27.1,76.9
2017-11-08,23.5,58.5
2017-11-09,25.3,66.8
2017-11-10,23.6,67.9
2017-11-11,23.8,65.8
2017-11-12,25.4,69.6
2017-11-13,25.1,73.2
2017-11-14,24.2,74.1
2017-11-15,23.4,60.5
2017-11-16,24.7,67.1
2017-11-17,23.5,66.5
2017-11-18,23.8,66.6
2017-11-19,26.2,73.6
2017-11-20,25.7,71.8
2017-11-21,24.3,74.4
2017-11-22,26.2,73.1
2017-11-23,25.2,66.3
2017-11-24,23.5,67.2
2017-11-25,23.9,63.4
2017-11-26,25.5,73.4
2017-11-27,25.6,73.3
2017-11-28,24.1,66.7
2017-11-29,27.6,64.7
2017-11-30,24.8,67.9
2017-12-01,19.5,67.5
2017-12-02,20.8,69.3
2017-12-03,19.9,77.1
2017-12-04,18.8,61.7
2017-12-05,19.0,61.2
2017-12-06,17.6,61.3
2017-12-07,18.7,65.6
2017-12-08,20.5,79.5
2017-12-09,18.4,65.6
2017-12-10,18.6,62.2
2017-12-11,19.5,62.9
2017-12-12,20.5,64.9
2017-12-13,19.4,61.4
2017-12-14,21.8,68.7
2017-12-15,20.2,64.3
2017-12-16,19.9,76.3
2017-12-17,20.4,65.6
2017-12-18,18.4,75.3
2017-12-19,22.4,67.3
2017-12-20,19.4,57.9
2017-12-21,18.4,66.3
2017-12-22,21.4,65.6
2017-12-23,20.6,64.9
2017-12-24,21.3,66.6
2017-12-25,22.3,65.2
2017-12-26,22.4,55.0
2017-12-27,21.1,73.6
2017-12-28,21.6,68.6
2017-12-29,17.5,65.8
2017-12-30,21.7,61.9
2017-12-31,17.9,65.1
2018-01-01,19.9,68.7
2018-01-02,18.8,57.4
2018-01-03,17.1,67.6
2018-01-04,22.5,70.9
2018-01-05,19.6,60.9
2018-01-06,18.6,72.7
2018-01-07,20.5,62.0
2018-01-08,19.3,63.7
2018-01-09,16.7,62.8
2018-01-10,19.2,61.4
2018-01-11,19.7,61.6
2018-01-12,19.9,67.4
2018-01-13,19.8,68.2
2018-01-14,17.1,66.8
2018-01-15,18.3,57.8
2018-01-16,20.2,64.0
2018-01-17,19.5,65.5
2018-01-18,20.0,58.0
2018-01-19,17.2,62.2
2018-01-20,18.5,69.3
2018-01-21,18.1,64.5
2018-01-22,18.8,50.9
2018-01-23,15.4,68.3
2018-01-24,19.7,63.3
2018-01-25,20.6,59.9
2018-01-26,15.7,56.6
2018-01-27,20.5,57.5
2018-01-28,21.5,68.6
2018-01-29,17.2,67.4
2018-01-30,17.8,62.0
2018-01-31,20.6,71.5
2018-02-01,21.7,55.8
2018-02-02,20.5,63.6
2018-02-03,20.8,62.1
2018-02-04,22.3,70.5
2018-02-05,22.5,54.5
2018-02-06,24.9,64.6
2018-02-07,20.6,55.5
2018-02-08,21.1,56.4
2018-02-09,24.6,56.4
2018-02-10,23.7,57.1
2018-02-11,25.0,56.6
2018-02-12,20.5,59.8
2018-02-13,19.9,57.6
2018-02-14,19.7,68.4
2018-02-15,22.2,60.4
2018-02-16,21.3,62.3
2018-02-17,20.8,69.6
2018-02-18,20.9,55.3
2018-02-19,19.9,63.5
2018-02-20,21.5,62.0
2018-02-21,21.2,66.3
2018-02-22,20.9,60.5
2018-02-23,21.8,64.9
2018-02-24,22.0,65.1
2018-02-25,20.3,50.1
2018-02-26,22.6,55.3
2018-02-27,22.4,58.9
2018-02-28,20.2,54.9
2018-03-01,23.4,49.2
2018-03-02,27.1,59.6
2018-03-03,24.0,53.8
2018-03-04,25.3,63.8
2018-03-05,27.8,62.3
2018-03-06,28.2,58.3
2018-03-07,26.1,60.6
2018-03-08,24.5,51.9
2018-03-09,24.9,57.4
2018-03-10,27.7,63.8
2018-03-11,23.7,64.7
2018-03-12,23.3,63.8
2018-03-13,24.9,63.2
2018-03-14,24.8,63.4
2018-03-15,23.7,52.2
2018-03-16,27.0,59.3
2018-03-17,26.3,62.0
2018-03-18,24.1,59.1
2018-03-19,26.5,54.9
2018-03-20,25.8,54.0
2018-03-21,24.1,60.1
2018-03-22,27.4,60.7
2018-03-23,22.7,50.0
2018-03-24,27.0,54.5
2018-03-25,23.3,56.5
2018-03-26,28.3,63.2
2018-03-27,26.8,65.8
2018-03-28,28.1,68.5
2018-03-29,25.5,68.9
2018-03-30,28.8,66.0
2018-03-31,26.7,53.1
2018-04-01,30.3,73.5
2018-04-02,29.5,67.4
2018-04-03,31.9,65.1
2018-04-04,26.5,65.8
2018-04-05,26.3,70.3
2018-04-06,30.2,69.8
2018-04-07,27.8,60.5
2018-04-08,31.1,73.5
2018-04-09,32.1,65.9
2018-04-10,31.6,71.6
2018-04-11,26.7,68.5
2018-04-12,26.8,63.9
2018-04-13,30.9,61.7
2018-04-14,28.9,69.5
2018-04-15,26.7,61.0
2018-04-16,28.9,73.8
2018-04-17,31.2,58.2
2018-04-18,31.8,63.7
2018-04-19,29.1,70.2
2018-04-20,27.9,64.9
2018-04-21,27.9,69.3
2018-04-22,32.7,65.5
2018-04-23,29.3,69.4
2018-04-24,31.1,57.8
2018-04-25,29.3,62.4
2018-04-26,26.0,65.7
2018-04-27,26.1,68.9
2018-04-28,30.6,72.6
2018-04-29,30.2,68.2
2018-04-30,27.5,63.4
2018-05-01,30.5,75.1
2018-05-02,35.0,78.9
2018-05-03,33.2,74.9
2018-05-04,34.7,66.5
2018-05-05,32.0,80.0
2018-05-06,31.1,79.6
2018-05-07,31.1,80.1
2018-05-08,30.3,70.1
2018-05-09,30.4,86.0
2018-05-10,33.2,73.7
2018-05-11,32.7,76.8
2018-05-12,33.2,78.4
2018-05-13,32.0,78.5
2018-05-14,29.9,74.9
2018-05-15,31.3,85.3
2018-05-16,30.7,70.0
2018-05-17,33.3,72.1
2018-05-18,30.6,64.8
2018-05-19,32.2,83.5
2018-05-20,26.2,69.2
2018-05-21,30.4,71.4
2018-05-22,33.0,80.1
2018-05-23,32.6,72.2
2018-05-24,30.7,72.4
2018-05-25,31.0,80.4
2018-05-26,35.0,75.7
2018-05-27,32.3,70.3
2018-05-28,30.0,72.5
2018-05-29,32.2,76.6
2018-05-30,28.5,76.9
2018-05-31,31.9,73.3
2018-06-01,29.5,80.6
2018-06-02,31.8,94.3
2018-06-03,29.3,89.4
2018-06-04,30.0,86.3
2018-06-05,27.2,81.6
2018-06-06,34.7,79.4
2018-06-07,32.2,85.8
2018-06-08,30.7,95.3
2018-06-09,28.7,84.6
2018-06-10,27.8,81.0
2018-06-11,32.0,80.9
2018-06-12,29.5,90.5
2018-06-13,28.7,84.5
2018-06-14,29.9,96.1
2018-06-15,30.8,82.8
2018-06-16,31.6,93.8
2018-06-17,31.3,79.6
2018-06-18,30.0,88.7
2018-06-19,28.7,90.9
2018-06-20,30.4,76.6
2018-06-21,31.3,92.7
2018-06-22,28.4,83.0
2018-06-23,33.9,96.4
2018-06-24,32.2,89.0
2018-06-25,30.7,82.8
2018-06-26,36.1,88.0
2018-06-27,28.7,89.9
2018-06-28,30.1,89.0
2018-06-29,32.5,86.0
2018-06-30,30.2,87.9
2018-07-01,30.7,92.4
2018-07-02,29.6,96.5
2018-07-03,30.4,84.5
2018-07-04,30.8,89.1
2018-07-05,31.2,80.0
2018-07-06,31.1,92.2
2018-07-07,30.4,86.2
2018-07-08,31.6,88.4
2018-07-09,30.3,86.0
2018-07-10,31.9,84.3
2018-07-11,28.7,86.7
2018-07-12,30.0,86.5
2018-07-13,27.9,87.4
2018-07-14,31.1,88.5
2018-07-15,30.8,81.9
2018-07-16,29.1,84.9
2018-07-17,31.3,83.6
2018-07-18,30.0,87.8
2018-07-19,28.1,90.8
2018-07-20,30.6,83.7
2018-07-21,28.8,86.0
2018-07-22,29.8,93.0
2018-07-23,30.9,80.2
2018-07-24,31.4,93.2
2018-07-25,27.9,82.0
2018-07-26,28.5,81.0
2018-07-27,29.6,90.8
2018-07-28,29.0,97.5
2018-07-29,26.3,82.1
2018-07-30,26.1,90.9
2018-07-31,33.4,83.8
2018-08-01,32.1,87.6
2018-08-02,29.4,85.4
2018-08-03,28.8,97.2
2018-08-04,31.8,87.5
2018-08-05,30.6,82.8
2018-08-06,28.8,78.7
2018-08-07,28.2,81.0
2018-08-08,29.4,87.1
2018-08-09,28.2,86.8
2018-08-10,31.7,87.4
2018-08-11,28.5,87.1
2018-08-12,30.1,88.3
2018-08-13,28.8,96.0
2018-08-14,31.7,89.5
2018-08-15,29.1,95.0
2018-08-16,30.8,82.0
2018-08-17,29.6,81.1
2018-08-18,30.0,87.7
2018-08-19,30.6,79.6
2018-08-20,28.1,82.7
2018-08-21,29.3,88.4
2018-08-22,30.1,90.2
2018-08-23,28.5,82.6
2018-08-24,29.3,87.5
2018-08-25,27.8,84.6
2018-08-26,32.1,89.1
2018-08-27,28.0,81.0
2018-08-28,29.1,84.0
2018-08-29,28.3,78.7
2018-08-30,26.7,80.5
2018-08-31,30.4,87.6
2018-09-01,29.5,85.4
2018-09-02,32.1,78.9
2018-09-03,27.3,88.7
2018-09-04,29.7,81.9
2018-09-05,30.3,79.0
2018-09-06,27.5,90.4
2018-09-07,27.6,91.0
2018-09-08,27.5,82.7
2018-09-09,27.3,85.1
2018-09-10,31.0,91.0
2018-09-11,27.6,86.1
2018-09-12,32.8,85.1
2018-09-13,29.0,91.9
2018-09-14,28.8,79.7
2018-09-15,29.9,87.2
2018-09-16,33.0,92.8
2018-09-17,28.2,88.7
2018-09-18,28.9,98.7
2018-09-19,28.2,85.0
2018-09-20,29.9,86.1
2018-09-21,30.1,78.6
2018-09-22,27.2,81.5
2018-09-23,29.7,87.7
2018-09-24,30.4,96.6
2018-09-25,29.4,76.9
2018-09-26,31.1,76.2
2018-09-27,28.6,88.5
2018-09-28,33.6,85.6
2018-09-29,31.1,79.8
2018-09-30,30.0,79.7
2018-10-01,27.2,76.0
2018-10-02,27.6,80.9
2018-10-03,27.4,78.1
2018-10-04,29.1,69.4
2018-10-05,29.1,75.9
2018-10-06,30.7,73.6
2018-10-07,28.9,72.5
2018-10-08,28.7,76.4
2018-10-09,27.9,73.5
2018-10-10,26.5,83.8
2018-10-11,29.7,72.6
2018-10-12,30.7,81.5
2018-10-13,29.0,80.5
2018-10-14,30.0,72.5
2018-10-15,28.2,74.2
2018-10-16,27.4,72.0
2018-10-17,30.6,71.4
2018-10-18,25.9,73.2
2018-10-19,28.3,79.2
2018-10-20,28.9,76.1
2018-10-21,28.3,70.9
2018-10-22,29.3,70.7
2018-10-23,29.3,83.2
2018-10-24,29.3,81.9
2018-10-25,27.2,84.1
2018-10-26,29.2,71.9
2018-10-27,30.2,69.8
2018-10-28,29.4,66.8
2018-10-29,29.9,75.6
2018-10-30,31.4,81.0
2018-10-31,28.2,72.3
2018-11-01,26.3,66.3
2018-11-02,26.2,69.9
2018-11-03,29.2,67.4
2018-11-04,25.3,67.2
2018-11-05,24.7,75.2
2018-11-06,26.1,64.9
2018-11-07,26.1,76.1
2018-11-08,23.9,61.6
2018-11-09,25.7,64.6
2018-11-10,25.2,67.1
2018-11-11,24.9,63.3
2018-11-12,25.9,67.6
2018-11-13,26.7,62.1
2018-11-14,23.4,74.1
2018-11-15,26.3,76.1
2018-11-16,24.3,67.5
2018-11-17,24.9,71.7
2018-11-18,21.7,69.0
2018-11-19,22.6,69.1
2018-11-20,26.9,62.9
2018-11-21,24.4,64.0
2018-11-22,24.3,65.6
2018-11-23,25.5,72.3
2018-11-24,23.0,75.4
2018-11-25,23.9,60.9
2018-11-26,24.6,64.2
2018-11-27,28.4,73.4
2018-11-28,26.2,65.8
2018-11-29,25.2,68.4
2018-11-30,27.2,66.1
2018-12-01,21.2,68.5
2018-12-02,19.4,64.3
2018-12-03,21.7,66.4
2018-12-04,20.4,73.3
2018-12-05,20.1,59.2
2018-12-06,20.6,73.1
2018-12-07,18.0,64.8
2018-12-08,18.1,70.9
2018-12-09,20.1,71.8
2018-12-10,17.2,64.9
2018-12-11,18.6,69.2
2018-12-12,20.5,68.1
2018-12-13,19.6,68.5
2018-12-14,20.5,64.8
2018-12-15,19.4,68.1
2018-12-16,20.3,65.4
2018-12-17,17.5,52.7
2018-12-18,20.8,68.0
2018-12-19,19.3,63.1
2018-12-20,21.7,69.7
2018-12-21,20.6,59.8
2018-12-22,23.4,60.7
2018-12-23,19.2,81.5
2018-12-24,22.8,58.5
2018-12-25,20.3,67.0
2018-12-26,18.8,65.9
2018-12-27,20.2,73.8
2018-12-28,18.5,68.5
2018-12-29,21.2,57.9
2018-12-30,19.1,67.8
2018-12-31,18.0,63.1
2019-01-01,18.4,65.8
2019-01-02,18.4,65.2
2019-01-03,18.3,64.8
2019-01-04,19.9,67.6
2019-01-05,19.4,67.3
2019-01-06,20.4,70.5
2019-01-07,20.7,58.0
2019-01-08,20.0,68.2
2019-01-09,19.9,73.1
2019-01-10,17.0,66.2
2019-01-11,20.4,63.8
2019-01-12,18.9,69.8
2019-01-13,21.3,54.1
2019-01-14,18.7,67.7
2019-01-15,20.9,62.4
2019-01-16,18.0,70.5
2019-01-17,19.7,62.2
2019-01-18,20.2,64.7
2019-01-19,18.9,65.5
2019-01-20,18.7,71.1
2019-01-21,22.9,63.7
2019-01-22,17.4,62.4
2019-01-23,18.4,74.3
2019-01-24,20.1,68.1
2019-01-25,19.8,65.2
2019-01-26,17.5,68.8
2019-01-27,18.7,61.0
2019-01-28,17.9,63.9
2019-01-29,17.6,68.5
2019-01-30,20.3,74.1
2019-01-31,19.4,59.7
2019-02-01,22.4,58.2
2019-02-02,23.8,59.9
2019-02-03,25.8,54.8
2019-02-04,23.2,60.6
2019-02-05,25.2,56.6
2019-02-06,20.8,64.6
2019-02-07,23.6,58.3
2019-02-08,22.8,45.9
2019-02-09,23.2,67.3
2019-02-10,21.8,59.0
2019-02-11,20.3,62.1
2019-02-12,22.2,56.5
2019-02-13,21.2,59.7
2019-02-14,20.2,57.4
2019-02-15,22.6,64.8
2019-02-16,21.0,56.9
2019-02-17,25.0,62.5
2019-02-18,24.0,53.4
2019-02-19,22.1,64.5
2019-02-20,24.4,59.1
2019-02-21,22.7,63.5
2019-02-22,22.9,58.1
2019-02-23,21.9,70.2
2019-02-24,20.7,54.9
2019-02-25,22.9,60.2
2019-02-26,21.4,68.0
2019-02-27,23.1,59.2
2019-02-28,17.3,70.2
2019-03-01,26.2,63.6
2019-03-02,21.6,52.1
2019-03-03,25.4,60.9
2019-03-04,26.6,56.9
2019-03-05,28.9,59.8
2019-03-06,24.9,56.2
2019-03-07,28.0,71.8
2019-03-08,28.0,68.4
2019-03-09,25.6,61.3
2019-03-10,28.6,59.0
2019-03-11,28.6,58.2
2019-03-12,26.4,57.6
2019-03-13,22.9,58.9
2019-03-14,26.2,60.8
2019-03-15,25.3,58.1
2019-03-16,26.4,51.6
2019-03-17,24.4,57.8
2019-03-18,26.2,48.9
2019-03-19,27.8,59.0
2019-03-20,27.8,54.7
2019-03-21,25.0,54.7
2019-03-22,27.9,63.6
2019-03-23,26.0,50.2
2019-03-24,24.4,63.2
2019-03-25,27.6,53.9
2019-03-26,27.8,56.0
2019-03-27,25.9,58.2
2019-03-28,26.2,65.1
2019-03-29,27.0,52.9
2019-03-30,24.7,52.2
2019-03-31,28.3,53.2
2019-04-01,32.8,61.5
2019-04-02,31.5,62.6
2019-04-03,28.3,59.0
2019-04-04,29.2,66.2
2019-04-05,28.3,62.6
2019-04-06,30.7,59.8
2019-04-07,28.9,59.6
2019-04-08,29.6,62.0
2019-04-09,30.3,59.4
2019-04-10,28.4,66.1
2019-04-11,28.3,70.6
2019-04-12,27.6,66.4
2019-04-13,30.0,68.6
2019-04-14,30.3,60.2
2019-04-15,29.9,67.2
2019-04-16,31.4,66.4
2019-04-17,29.6,62.5
2019-04-18,32.6,61.9
2019-04-19,28.4,68.2
2019-04-20,29.0,64.7
2019-04-21,27.2,64.8
2019-04-22,28.3,59.2
2019-04-23,30.4,64.7
2019-04-24,31.8,62.3
2019-04-25,31.6,65.7
2019-04-26,32.8,61.7
2019-04-27,30.9,62.7
2019-04-28,28.9,59.6
2019-04-29,27.5,69.8
2019-04-30,29.7,56.7
2019-05-01,31.2,69.1
2019-05-02,31.2,63.9
2019-05-03,35.4,81.5
2019-05-04,30.8,73.9
2019-05-05,31.7,77.8
2019-05-06,29.7,76.5
2019-05-07,34.1,74.7
2019-05-08,34.6,74.6
2019-05-09,28.9,75.8
2019-05-10,33.2,84.4
2019-05-11,30.9,77.2
2019-05-12,32.0,70.6
2019-05-13,32.8,84.9
2019-05-14,31.1,84.6
2019-05-15,30.5,74.8
2019-05-16,30.6,77.2
2019-05-17,33.3,79.6
2019-05-18,34.1,86.4
2019-05-19,31.2,75.9
2019-05-20,33.6,72.5
2019-05-21,35.8,82.0
2019-05-22,30.9,70.2
2019-05-23,31.0,77.0
2019-05-24,31.1,66.7
2019-05-25,29.7,66.1
2019-05-26,30.4,79.8
2019-05-27,30.8,77.6
2019-05-28,33.1,70.7
2019-05-29,30.6,87.0
2019-05-30,32.3,68.3
2019-05-31,34.8,72.3
2019-06-01,30.9,87.5
2019-06-02,31.3,96.2
2019-06-03,31.2,87.7
2019-06-04,30.2,80.2
2019-06-05,29.1,87.1
2019-06-06,32.8,84.0
2019-06-07,29.7,92.0
2019-06-08,31.9,85.4
2019-06-09,30.4,87.0
2019-06-10,28.8,73.1
2019-06-11,31.8,89.0
2019-06-12,31.7,84.2
2019-06-13,30.9,95.3
2019-06-14,30.2,83.5
2019-06-15,32.0,82.6
2019-06-16,31.1,90.3
2019-06-17,30.3,78.1
2019-06-18,31.0,84.1
2019-06-19,29.8,87.1
2019-06-20,30.5,85.6
2019-06-21,29.4,79.4
2019-06-22,30.1,75.3
2019-06-23,30.3,85.7
2019-06-24,33.6,85.6
2019-06-25,30.4,100.0
2019-06-26,34.2,85.3
2019-06-27,32.1,81.7
2019-06-28,33.1,94.7
2019-06-29,29.7,90.3
2019-06-30,29.2,77.3
2019-07-01,27.2,92.3
2019-07-02,29.0,84.7
2019-07-03,29.9,97.2
2019-07-04,28.3,83.6
2019-07-05,31.9,85.0
2019-07-06,32.2,87.4
2019-07-07,32.6,75.3
2019-07-08,27.0,82.6
2019-07-09,25.9,93.7
2019-07-10,35.0,86.2
2019-07-11,29.3,88.3
2019-07-12,29.6,89.6
2019-07-13,27.2,92.7
2019-07-14,32.9,88.1
2019-07-15,29.1,94.9
2019-07-16,28.9,100.0
2019-07-17,28.6,91.1
2019-07-18,28.9,82.1
2019-07-19,27.6,77.2
2019-07-20,30.5,72.0
2019-07-21,30.8,97.7
2019-07-22,29.4,90.8
2019-07-23,33.3,86.2
2019-07-24,28.4,91.3
2019-07-25,31.6,97.2
2019-07-26,30.7,89.2
2019-07-27,28.1,84.4
2019-07-28,30.5,85.3
2019-07-29,28.2,79.9
2019-07-30,28.6,91.8
2019-07-31,29.8,94.8
2019-08-01,31.2,85.0
2019-08-02,28.7,89.1
2019-08-03,28.6,81.8
2019-08-04,30.4,82.1
2019-08-05,30.6,95.6
2019-08-06,25.4,82.8
2019-08-07,29.5,93.1
2019-08-08,29.9,86.5
2019-08-09,31.6,72.8
2019-08-10,28.9,86.2
2019-08-11,32.4,85.6
2019-08-12,31.1,83.5
2019-08-13,28.6,82.0
2019-08-14,28.8,81.3
2019-08-15,27.7,84.1
2019-08-16,25.7,95.7
2019-08-17,28.6,91.0
2019-08-18,30.5,80.4
2019-08-19,28.2,96.9
2019-08-20,30.4,74.6
2019-08-21,27.3,79.3
2019-08-22,27.8,96.6
2019-08-23,30.3,84.6
2019-08-24,28.9,83.7
2019-08-25,31.1,76.8
2019-08-26,30.4,88.7
2019-08-27,31.4,84.7
2019-08-28,31.8,80.3
2019-08-29,27.9,88.7
2019-08-30,30.9,81.7
2019-08-31,33.9,79.0
2019-09-01,29.5,77.5
2019-09-02,32.6,81.4
2019-09-03,28.9,85.9
2019-09-04,27.9,87.4
2019-09-05,28.4,88.8
2019-09-06,30.8,82.5
2019-09-07,30.1,89.1
2019-09-08,28.4,82.5
2019-09-09,28.9,87.7
2019-09-10,30.7,91.8
2019-09-11,33.3,100.0
2019-09-12,30.3,96.1
2019-09-13,32.2,74.8
2019-09-14,27.3,81.1
2019-09-15,27.8,72.9
2019-09-16,28.6,78.6
2019-09-17,28.4,87.0
2019-09-18,24.9,83.4
2019-09-19,28.4,86.6
2019-09-20,27.4,86.3
2019-09-21,28.9,77.3
2019-09-22,28.8,87.7
2019-09-23,30.1,85.1
2019-09-24,26.0,87.2
2019-09-25,29.1,84.2
2019-09-26,29.4,81.2
2019-09-27,29.1,85.0
2019-09-28,29.0,83.3
2019-09-29,33.6,79.5
2019-09-30,25.8,82.0
2019-10-01,28.1,76.5
2019-10-02,29.0,78.0
2019-10-03,29.7,70.1
2019-10-04,28.5,73.2
2019-10-05,29.3,70.3
2019-10-06,27.6,72.0
2019-10-07,27.5,73.2
2019-10-08,29.0,79.4
2019-10-09,26.9,79.0
2019-10-10,26.7,74.5
2019-10-11,30.4,79.2
2019-10-12,30.2,75.1
2019-10-13,29.1,68.6
2019-10-14,27.1,69.9
2019-10-15,28.6,75.6
2019-10-16,29.1,76.4
2019-10-17,30.2,69.6
2019-10-18,29.0,66.8
2019-10-19,30.3,69.0
2019-10-20,29.9,72.1
2019-10-21,32.3,84.4
2019-10-22,30.7,73.6
2019-10-23,28.6,69.4
2019-10-24,28.4,67.5
2019-10-25,24.9,77.7
2019-10-26,27.8,73.9
2019-10-27,28.2,66.9
2019-10-28,31.6,67.8
2019-10-29,28.6,76.9
2019-10-30,28.7,76.4
2019-10-31,28.2,71.7
2019-11-01,25.2,71.0
2019-11-02,23.1,69.6
2019-11-03,24.2,58.3
2019-11-04,24.2,64.3
2019-11-05,26.4,78.0
2019-11-06,25.4,71.2
2019-11-07,25.1,73.0
2019-11-08,27.4,71.4
2019-11-09,24.3,66.4
2019-11-10,27.7,79.6
2019-11-11,25.4,73.3
2019-11-12,24.6,70.9
2019-11-13,21.5,73.1
2019-11-14,26.3,62.4
2019-11-15,23.4,68.4
2019-11-16,29.1,64.7
2019-11-17,20.8,68.9
2019-11-18,23.5,66.3
2019-11-19,23.9,73.1
2019-11-20,24.6,62.5
2019-11-21,25.8,71.9
2019-11-22,25.6,70.6
2019-11-23,26.6,69.7
2019-11-24,27.7,67.5
2019-11-25,24.8,70.2
2019-11-26,27.8,78.9
2019-11-27,25.8,71.4
2019-11-28,24.1,66.6
2019-11-29,24.0,65.9
2019-11-30,26.4,65.4
2019-12-01,23.1,54.4
2019-12-02,19.5,70.0
2019-12-03,20.7,71.4
2019-12-04,20.5,69.0
2019-12-05,19.9,70.6
2019-12-06,22.7,64.3
2019-12-07,20.9,63.0
2019-12-08,19.8,66.0
2019-12-09,17.8,53.8
2019-12-10,19.7,70.3
2019-12-11,20.9,62.1
2019-12-12,21.6,74.2
2019-12-13,22.0,65.0
2019-12-14,21.4,63.4
2019-12-15,18.5,61.5
2019-12-16,21.4,67.9
2019-12-17,18.0,57.1
2019-12-18,21.1,69.0
2019-12-19,20.5,71.1
2019-12-20,19.3,65.9
2019-12-21,20.8,65.3
2019-12-22,17.1,71.1
2019-12-23,18.4,75.4
2019-12-24,18.8,64.5
2019-12-25,22.1,71.7
2019-12-26,21.7,61.0
2019-12-27,22.0,66.7
2019-12-28,19.3,65.2
2019-12-29,15.2,61.3
2019-12-30,23.0,62.3
2019-12-31,18.3,66.5
2020-01-01,19.2,64.6
2020-01-02,17.9,66.1
2020-01-03,21.5,59.2
2020-01-04,17.6,69.7
2020-01-05,19.9,73.8
2020-01-06,18.1,73.8
2020-01-07,14.5,66.8
2020-01-08,18.8,71.2
2020-01-09,19.2,68.4
2020-01-10,18.9,60.1
2020-01-11,16.3,72.0
2020-01-12,19.9,62.0
2020-01-13,18.3,57.9
2020-01-14,19.9,59.4
2020-01-15,17.9,61.5
2020-01-16,19.3,66.9
2020-01-17,17.0,74.4
2020-01-18,18.8,68.3
2020-01-19,18.2,67.5
2020-01-20,19.7,68.5
2020-01-21,21.3,62.1
2020-01-22,19.2,74.1
2020-01-23,18.3,62.7
2020-01-24,19.9,71.1
2020-01-25,18.5,61.2
2020-01-26,18.8,61.7
2020-01-27,20.4,63.5
2020-01-28,17.4,71.2
2020-01-29,16.9,66.6
2020-01-30,20.6,63.5
2020-01-31,20.6,58.6
2020-02-01,21.0,56.9
2020-02-02,20.8,58.8
2020-02-03,25.7,58.9
2020-02-04,23.2,51.0
2020-02-05,19.9,55.8
2020-02-06,21.7,58.6
2020-02-07,18.8,55.8
2020-02-08,21.2,54.2
2020-02-09,21.6,64.6
2020-02-10,20.8,57.5
2020-02-11,23.4,58.3
2020-02-12,24.5,63.0
2020-02-13,22.3,62.4
2020-02-14,25.6,57.7
2020-02-15,22.1,64.0
2020-02-16,23.3,62.7
2020-02-17,22.3,65.9
2020-02-18,19.4,61.0
2020-02-19,22.5,63.6
2020-02-20,20.2,57.5
2020-02-21,23.7,50.6
2020-02-22,22.6,50.9
2020-02-23,23.5,59.3
2020-02-24,22.3,62.5
2020-02-25,21.0,52.9
2020-02-26,21.0,52.4
2020-02-27,25.3,61.1
2020-02-28,23.0,59.0
2020-02-29,20.2,57.6
2020-03-01,27.8,66.4
2020-03-02,27.8,55.1
2020-03-03,25.3,63.6
2020-03-04,26.9,67.1
2020-03-05,28.3,56.3
2020-03-06,25.0,58.7
2020-03-07,24.0,64.3
2020-03-08,27.5,56.4
2020-03-09,23.5,58.7
2020-03-10,26.8,62.8
2020-03-11,28.7,58.1
2020-03-12,26.5,54.9
2020-03-13,29.5,59.6
2020-03-14,25.7,61.2
2020-03-15,27.2,49.1
2020-03-16,22.3,60.7
2020-03-17,24.3,61.3
2020-03-18,25.3,58.6
2020-03-19,28.6,57.2
2020-03-20,28.4,57.7
2020-03-21,24.2,59.8
2020-03-22,25.1,56.5
2020-03-23,25.0,59.9
2020-03-24,27.1,69.9
2020-03-25,26.3,73.0
2020-03-26,24.5,47.0
2020-03-27,30.1,65.8
2020-03-28,28.8,63.6
2020-03-29,27.6,64.7
2020-03-30,28.0,55.2
2020-03-31,26.5,58.9
2020-04-01,32.7,66.8
2020-04-02,31.1,67.8
2020-04-03,30.7,59.8
2020-04-04,30.8,66.8
2020-04-05,32.9,72.0
2020-04-06,30.5,63.6
2020-04-07,30.0,60.1
2020-04-08,26.5,58.8
2020-04-09,29.1,66.1
2020-04-10,28.6,69.8
2020-04-11,27.7,66.6
2020-04-12,27.9,62.2
2020-04-13,32.4,61.0
2020-04-14,28.0,58.0
2020-04-15,28.9,65.8
2020-04-16,28.2,58.3
2020-04-17,28.7,60.7
2020-04-18,29.8,59.9
2020-04-19,27.7,56.1
2020-04-20,29.5,62.4
2020-04-21,27.8,65.0
2020-04-22,30.3,74.4
2020-04-23,27.4,61.7
2020-04-24,27.5,71.6
2020-04-25,26.2,68.8
2020-04-26,30.8,65.5
2020-04-27,27.8,62.8
2020-04-28,29.3,64.4
2020-04-29,29.5,67.0
2020-04-30,29.5,67.3
2020-05-01,32.9,81.6
2020-05-02,32.7,76.1
2020-05-03,29.7,68.2
2020-05-04,29.7,68.1
2020-05-05,32.1,70.3
2020-05-06,35.9,71.4
2020-05-07,28.8,73.3
2020-05-08,31.6,79.6
2020-05-09,30.5,76.7
2020-05-10,31.8,77.0
2020-05-11,33.7,77.0
2020-05-12,32.0,75.0
2020-05-13,35.9,72.3
2020-05-14,33.2,80.0
2020-05-15,33.1,75.9
2020-05-16,33.5,75.5
2020-05-17,33.5,78.4
2020-05-18,32.2,82.8
2020-05-19,35.4,80.7
2020-05-20,31.2,77.6
2020-05-21,30.6,75.6
2020-05-22,30.0,81.2
2020-05-23,34.2,72.6
2020-05-24,32.1,68.8
2020-05-25,31.5,71.6
2020-05-26,33.7,73.3
2020-05-27,32.3,76.0
2020-05-28,33.1,79.4
2020-05-29,29.0,78.8
2020-05-30,30.8,73.0
2020-05-31,31.9,71.8
2020-06-01,33.9,84.7
2020-06-02,30.0,78.7
2020-06-03,31.1,80.4
2020-06-04,30.9,86.3
2020-06-05,32.7,86.4
2020-06-06,32.0,100.0
2020-06-07,31.0,94.4
2020-06-08,33.1,79.1
2020-06-09,29.7,76.0
2020-06-10,30.4,81.3
2020-06-11,28.4,86.3
2020-06-12,30.4,88.9
2020-06-13,32.2,78.2
2020-06-14,31.3,97.7
2020-06-15,27.7,82.3
2020-06-16,33.1,87.7
2020-06-17,30.4,81.5
2020-06-18,31.3,75.5
2020-06-19,29.6,87.6
2020-06-20,33.9,75.8
2020-06-21,32.9,84.1
2020-06-22,29.2,86.8
2020-06-23,30.5,93.2
2020-06-24,30.8,90.2
2020-06-25,30.6,85.9
2020-06-26,32.2,86.5
2020-06-27,30.0,82.0
2020-06-28,31.2,91.6
2020-06-29,30.5,100.0
2020-06-30,30.8,80.3
2020-07-01,32.2,92.8
2020-07-02,30.0,92.2
2020-07-03,28.2,84.5
2020-07-04,28.8,85.2
2020-07-05,31.2,95.2
2020-07-06,30.8,84.2
2020-07-07,30.9,100.0
2020-07-08,31.4,84.8
2020-07-09,33.3,94.2
2020-07-10,31.8,82.5
2020-07-11,31.9,80.6
2020-07-12,29.3,82.4
2020-07-13,30.1,82.6
2020-07-14,29.6,91.0
2020-07-15,30.0,82.8
2020-07-16,28.7,94.5
2020-07-17,25.6,85.7
2020-07-18,27.6,92.1
2020-07-19,31.3,83.1
2020-07-20,32.6,83.1
2020-07-21,30.6,85.6
2020-07-22,27.8,93.2
2020-07-23,27.6,85.0
2020-07-24,30.3,75.8
2020-07-25,29.2,86.3
2020-07-26,32.2,86.7
2020-07-27,30.3,85.8
2020-07-28,32.6,79.4
2020-07-29,30.3,89.7
2020-07-30,28.7,93.5
2020-07-31,28.0,89.6
2020-08-01,28.0,82.1
2020-08-02,31.5,86.2
2020-08-03,29.9,91.9
2020-08-04,30.0,83.3
2020-08-05,27.4,84.6
2020-08-06,26.9,82.3
2020-08-07,32.2,77.0
2020-08-08,30.1,81.8
2020-08-09,28.3,85.7
2020-08-10,31.0,90.0
2020-08-11,30.0,90.8
2020-08-12,27.0,90.3
2020-08-13,32.9,71.6
2020-08-14,29.8,87.4
2020-08-15,26.5,91.5
2020-08-16,27.0,74.4
2020-08-17,32.7,79.5
2020-08-18,27.4,88.5
2020-08-19,30.5,82.7
2020-08-20,29.5,82.4
2020-08-21,32.3,80.8
2020-08-22,30.3,88.7
2020-08-23,27.4,85.3
2020-08-24,28.5,73.0
2020-08-25,27.8,85.5
2020-08-26,30.6,84.0
2020-08-27,29.6,87.9
2020-08-28,29.7,79.8
2020-08-29,32.1,81.0
2020-08-30,26.8,81.7
2020-08-31,30.0,95.3
2020-09-01,30.5,87.3
2020-09-02,31.4,81.9
2020-09-03,30.1,83.2
2020-09-04,30.9,87.6
2020-09-05,29.9,94.0
2020-09-06,30.6,78.7
2020-09-07,30.6,82.2
2020-09-08,25.7,89.2
2020-09-09,26.3,80.5
2020-09-10,30.5,80.8
2020-09-11,25.7,84.2
2020-09-12,31.8,83.9
2020-09-13,27.8,81.9
2020-09-14,31.4,74.2
2020-09-15,25.0,82.8
2020-09-16,27.7,92.2
2020-09-17,29.6,76.9
2020-09-18,31.8,85.7
2020-09-19,29.6,90.2
2020-09-20,28.8,91.1
2020-09-21,29.9,88.3
2020-09-22,29.4,74.5
2020-09-23,30.2,78.8
2020-09-24,32.9,91.2
2020-09-25,29.5,76.4
2020-09-26,29.8,82.6
2020-09-27,29.1,89.1
2020-09-28,30.7,83.4
2020-09-29,29.7,87.9
2020-09-30,28.7,83.0
2020-10-01,27.4,71.6
2020-10-02,32.4,75.3
2020-10-03,27.5,79.7
2020-10-04,28.2,77.0
2020-10-05,28.1,78.0
2020-10-06,30.1,79.6
2020-10-07,28.6,82.0
2020-10-08,31.0,77.5
2020-10-09,28.4,71.0
2020-10-10,28.9,67.0
2020-10-11,30.1,66.0
2020-10-12,27.3,72.2
2020-10-13,30.1,77.1
2020-10-14,30.8,80.5
2020-10-15,29.1,86.4
2020-10-16,29.4,72.8
2020-10-17,26.7,80.4
2020-10-18,30.8,76.9
2020-10-19,30.0,77.7
2020-10-20,29.2,73.9
2020-10-21,28.0,74.8
2020-10-22,30.2,80.3
2020-10-23,27.7,69.8
2020-10-24,26.7,71.4
2020-10-25,28.5,67.9
2020-10-26,29.9,78.8
2020-10-27,30.3,72.5
2020-10-28,29.7,73.7
2020-10-29,29.4,71.6
2020-10-30,26.2,73.4
2020-10-31,28.8,77.4
2020-11-01,24.3,64.0
2020-11-02,23.4,74.9
2020-11-03,23.4,71.2
2020-11-04,24.2,65.1
2020-11-05,23.2,75.9
2020-11-06,23.6,67.4
2020-11-07,25.4,65.6
2020-11-08,24.6,69.1
2020-11-09,27.7,67.9
2020-11-10,25.1,73.1
2020-11-11,25.3,68.4
2020-11-12,25.1,69.6
2020-11-13,24.7,67.0
2020-11-14,26.9,82.7
2020-11-15,24.7,72.4
2020-11-16,25.5,70.3
2020-11-17,22.9,67.3
2020-11-18,25.1,64.2
2020-11-19,24.0,64.7
2020-11-20,24.3,61.8
2020-11-21,23.5,68.0
2020-11-22,26.6,67.3
2020-11-23,25.0,67.4
2020-11-24,23.9,69.2
2020-11-25,25.6,73.5
2020-11-26,25.0,69.5
2020-11-27,23.7,72.8
2020-11-28,25.7,66.7
2020-11-29,26.9,79.8
2020-11-30,25.6,61.4
2020-12-01,21.5,56.6
2020-12-02,21.8,59.2
2020-12-03,16.4,59.6
2020-12-04,21.3,66.6
2020-12-05,18.5,63.2
2020-12-06,20.9,64.0
2020-12-07,19.8,65.6
2020-12-08,21.7,66.3
2020-12-09,19.8,63.9
2020-12-10,21.7,66.2
2020-12-11,20.0,73.6
2020-12-12,17.8,61.2
2020-12-13,21.5,68.4
2020-12-14,19.7,63.1
2020-12-15,22.4,59.8
2020-12-16,17.7,71.7
2020-12-17,19.7,69.2
2020-12-18,18.9,64.6
2020-12-19,19.1,64.9
2020-12-20,17.5,62.8
2020-12-21,22.2,62.8
2020-12-22,17.9,66.7
2020-12-23,20.5,67.5
2020-12-24,15.5,58.8
2020-12-25,22.0,75.3
2020-12-26,19.3,67.9
2020-12-27,20.5,61.3
2020-12-28,18.9,62.8
2020-12-29,21.1,75.4
2020-12-30,18.9,68.1
2020-12-31,20.9,72.1
2021-01-01,17.0,60.1
2021-01-02,19.9,55.8
2021-01-03,21.5,57.2
2021-01-04,18.5,67.0
2021-01-05,20.0,66.9
2021-01-06,18.4,62.5
2021-01-07,17.0,68.4
2021-01-08,17.2,58.5
2021-01-09,19.5,68.3
2021-01-10,18.5,70.0
2021-01-11,19.5,67.1
2021-01-12,18.3,62.8
2021-01-13,19.9,65.8
2021-01-14,17.2,66.9
2021-01-15,19.7,60.5
2021-01-16,18.6,59.7
2021-01-17,19.1,66.6
2021-01-18,17.9,65.2
2021-01-19,21.0,68.5
2021-01-20,20.6,62.0
2021-01-21,18.8,72.2
2021-01-22,19.6,60.0
2021-01-23,18.3,66.2
2021-01-24,19.3,60.7
2021-01-25,18.3,70.6
2021-01-26,15.5,69.8
2021-01-27,18.5,58.0
2021-01-28,21.3,62.3
2021-01-29,18.2,67.9
2021-01-30,19.8,70.2
2021-01-31,19.9,66.2
2021-02-01,20.3,58.9
2021-02-02,23.0,64.4
2021-02-03,20.9,54.0
2021-02-04,24.5,59.2
2021-02-05,22.3,58.7
2021-02-06,20.1,59.6
2021-02-07,23.6,55.5
2021-02-08,21.2,53.1
2021-02-09,23.0,59.1
2021-02-10,20.5,58.7
2021-02-11,23.6,63.6
2021-02-12,24.0,48.2
2021-02-13,22.4,55.6
2021-02-14,19.9,59.0
2021-02-15,22.1,54.9
2021-02-16,22.2,67.7
2021-02-17,22.8,58.6
2021-02-18,25.1,66.2
2021-02-19,21.7,63.3
2021-02-20,17.7,57.8
2021-02-21,22.5,59.4
2021-02-22,21.6,51.9
2021-02-23,21.9,53.4
2021-02-24,19.7,59.2
2021-02-25,22.1,64.3
2021-02-26,23.7,58.5
2021-02-27,23.7,61.2
2021-02-28,22.7,57.7
2021-03-01,26.2,60.9
2021-03-02,26.0,52.7
2021-03-03,27.9,57.7
2021-03-04,27.8,57.0
2021-03-05,25.0,65.7
2021-03-06,28.2,58.3
2021-03-07,22.3,55.5
2021-03-08,26.1,64.8
2021-03-09,27.6,63.6
2021-03-10,24.7,66.8
2021-03-11,25.3,58.3
2021-03-12,27.4,62.4
2021-03-13,25.1,56.6
2021-03-14,23.8,55.2
2021-03-15,26.5,60.5
2021-03-16,25.5,59.9
2021-03-17,24.4,70.2
2021-03-18,24.6,56.1
2021-03-19,29.4,48.1
2021-03-20,27.2,63.3
2021-03-21,27.5,67.8
2021-03-22,25.1,62.0
2021-03-23,27.5,55.5
2021-03-24,25.3,66.4
2021-03-25,26.2,53.8
2021-03-26,31.4,58.9
2021-03-27,25.4,68.5
2021-03-28,23.4,55.2
2021-03-29,28.8,58.6
2021-03-30,31.5,66.8
2021-03-31,25.9,61.4
2021-04-01,28.9,69.2
2021-04-02,32.0,63.0
2021-04-03,29.2,75.1
2021-04-04,30.4,72.2
2021-04-05,29.4,63.2
2021-04-06,30.0,66.3
2021-04-07,30.2,60.7
2021-04-08,28.6,71.1
2021-04-09,26.4,63.6
2021-04-10,29.0,67.0
2021-04-11,27.9,65.1
2021-04-12,30.0,63.3
2021-04-13,32.5,70.3
2021-04-14,26.6,70.6
2021-04-15,29.6,62.6
2021-04-16,31.9,53.4
2021-04-17,27.8,62.7
2021-04-18,30.0,55.8
2021-04-19,30.7,58.2
2021-04-20,29.7,64.3
2021-04-21,27.0,59.6
2021-04-22,25.3,64.4
2021-04-23,28.5,68.0
2021-04-24,31.5,66.7
2021-04-25,32.7,58.0
2021-04-26,28.9,65.5
2021-04-27,28.6,72.2
2021-04-28,30.2,66.5
2021-04-29,28.4,74.0
2021-04-30,29.6,64.2
2021-05-01,37.0,77.3
2021-05-02,29.2,81.9
2021-05-03,32.1,69.3
2021-05-04,32.5,74.8
2021-05-05,32.2,77.5
2021-05-06,32.3,80.7
2021-05-07,32.3,71.1
2021-05-08,33.5,67.3
2021-05-09,29.6,77.6
2021-05-10,27.7,75.9
2021-05-11,29.1,74.9
2021-05-12,32.8,78.6
2021-05-13,31.4,75.3
2021-05-14,29.7,68.7
2021-05-15,33.0,79.5
2021-05-16,32.5,87.2
2021-05-17,31.9,83.1
2021-05-18,32.0,78.9
2021-05-19,33.8,74.3
2021-05-20,30.8,78.9
2021-05-21,33.6,70.9
2021-05-22,31.7,68.9
2021-05-23,30.3,69.3
2021-05-24,27.1,75.3
2021-05-25,31.6,72.5
2021-05-26,35.1,75.2
2021-05-27,30.6,74.5
2021-05-28,28.4,76.7
2021-05-29,34.3,74.5
2021-05-30,30.2,75.4
2021-05-31,27.7,67.8
2021-06-01,30.3,87.1
2021-06-02,32.4,84.3
2021-06-03,30.3,76.9
2021-06-04,29.8,100.0
2021-06-05,30.4,75.7
2021-06-06,31.3,86.0
2021-06-07,34.5,85.7
2021-06-08,33.9,86.7
2021-06-09,29.5,91.9
2021-06-10,31.2,98.0
2021-06-11,32.5,93.0
2021-06-12,31.4,78.0
2021-06-13,28.7,77.3
2021-06-14,30.1,95.1
2021-06-15,29.7,78.4
2021-06-16,33.6,81.5
2021-06-17,31.3,87.9
2021-06-18,31.2,87.4
2021-06-19,29.5,88.2
2021-06-20,34.7,77.1
2021-06-21,28.8,91.8
2021-06-22,30.9,89.0
2021-06-23,30.1,87.3
2021-06-24,29.8,85.2
2021-06-25,26.5,77.6
2021-06-26,29.6,79.6
2021-06-27,32.9,81.6
2021-06-28,31.0,93.5
2021-06-29,30.3,85.9
2021-06-30,30.4,86.9
2021-07-01,29.4,84.9
2021-07-02,31.0,84.2
2021-07-03,28.9,87.1
2021-07-04,31.2,90.2
2021-07-05,28.7,85.6
2021-07-06,33.6,96.6
2021-07-07,34.0,84.3
2021-07-08,32.3,85.7
2021-07-09,26.8,91.6
2021-07-10,32.2,88.9
2021-07-11,28.9,78.9
2021-07-12,31.8,90.8
2021-07-13,28.7,84.6
2021-07-14,30.7,92.3
2021-07-15,28.2,88.7
2021-07-16,32.2,88.9
2021-07-17,31.3,82.2
2021-07-18,29.5,96.7
2021-07-19,31.5,70.6
2021-07-20,28.0,86.1
2021-07-21,30.3,90.4
2021-07-22,30.0,89.4
2021-07-23,31.3,82.0
2021-07-24,28.5,98.6
2021-07-25,30.8,85.2
2021-07-26,29.8,87.2
2021-07-27,30.9,89.9
2021-07-28,32.2,80.1
2021-07-29,28.5,88.8
2021-07-30,29.7,82.9
2021-07-31,33.1,86.8
2021-08-01,29.0,89.4
2021-08-02,33.4,84.9
2021-08-03,29.9,82.0
2021-08-04,27.5,81.3
2021-08-05,30.7,79.6
2021-08-06,27.7,94.7
2021-08-07,33.2,91.4
2021-08-08,27.7,91.5
2021-08-09,28.8,79.5
2021-08-10,28.4,87.7
2021-08-11,27.5,93.2
2021-08-12,30.4,80.8
2021-08-13,25.8,84.7
2021-08-14,28.2,85.4
2021-08-15,29.0,89.8
2021-08-16,30.8,92.4
2021-08-17,30.4,85.5
2021-08-18,31.2,91.2
2021-08-19,31.0,94.8
2021-08-20,29.0,83.3
2021-08-21,30.1,94.1
2021-08-22,30.8,92.1
2021-08-23,27.6,80.6
2021-08-24,30.4,83.4
2021-08-25,30.6,82.1
2021-08-26,30.2,91.8
2021-08-27,27.3,89.0
2021-08-28,30.0,89.1
2021-08-29,31.3,87.7
2021-08-30,32.4,82.4
2021-08-31,29.5,85.5
2021-09-01,28.1,90.1
2021-09-02,29.5,85.2
2021-09-03,27.5,85.9
2021-09-04,30.8,80.2
2021-09-05,32.6,70.4
2021-09-06,28.1,88.1
2021-09-07,31.9,85.9
2021-09-08,30.5,81.7
2021-09-09,30.5,90.9
2021-09-10,27.8,84.6
2021-09-11,29.6,83.1
2021-09-12,33.1,89.4
2021-09-13,28.1,96.2
2021-09-14,29.1,78.3
2021-09-15,28.1,76.1
2021-09-16,31.0,90.6
2021-09-17,31.3,84.9
2021-09-18,30.6,85.6
2021-09-19,31.9,88.6
2021-09-20,29.5,76.3
2021-09-21,27.8,71.0
2021-09-22,28.8,83.6
2021-09-23,27.3,80.9
2021-09-24,31.8,83.7
2021-09-25,27.6,86.5
2021-09-26,27.7,81.7
2021-09-27,30.2,84.9
2021-09-28,31.0,87.3
2021-09-29,27.1,78.6
2021-09-30,27.8,99.0
2021-10-01,28.6,79.6
2021-10-02,32.7,74.0
2021-10-03,28.3,69.2
2021-10-04,28.1,64.7
2021-10-05,29.5,79.0
2021-10-06,29.4,71.5
2021-10-07,29.9,70.7
2021-10-08,28.9,81.0
2021-10-09,26.9,67.3
2021-10-10,30.0,74.8
2021-10-11,28.7,78.7
2021-10-12,30.1,69.0
2021-10-13,30.5,70.0
2021-10-14,29.4,69.6
2021-10-15,30.8,76.7
2021-10-16,31.7,78.4
2021-10-17,30.5,80.7
2021-10-18,32.0,79.2
2021-10-19,29.9,83.9
2021-10-20,29.6,62.7
2021-10-21,28.6,77.6
2021-10-22,28.5,78.3
2021-10-23,25.9,79.8
2021-10-24,29.5,70.7
2021-10-25,26.2,73.9
2021-10-26,29.3,76.0
2021-10-27,27.7,66.6
2021-10-28,29.4,77.4
2021-10-29,28.5,84.6
2021-10-30,29.1,79.4
2021-10-31,30.1,72.0
2021-11-01,25.5,71.1
2021-11-02,25.9,69.0
2021-11-03,24.3,66.2
2021-11-04,24.3,71.1
2021-11-05,25.1,68.4
2021-11-06,25.5,70.9
2021-11-07,23.3,52.9
2021-11-08,24.6,70.0
2021-11-09,25.3,71.8
2021-11-10,22.9,62.1
2021-11-11,25.4,64.5
2021-11-12,27.1,70.2
2021-11-13,26.0,62.1
2021-11-14,24.4,65.6
2021-11-15,26.5,65.8
2021-11-16,24.2,57.0
2021-11-17,25.4,60.6
2021-11-18,26.1,72.0
2021-11-19,25.1,73.8
2021-11-20,25.2,69.5
2021-11-21,25.2,67.9
2021-11-22,22.8,63.9
2021-11-23,23.1,69.2
2021-11-24,22.8,69.0
2021-11-25,25.2,71.0
2021-11-26,24.3,63.7
2021-11-27,23.3,72.8
2021-11-28,29.4,64.6
2021-11-29,26.0,68.6
2021-11-30,24.5,66.6
2021-12-01,19.0,66.7
2021-12-02,16.8,66.2
2021-12-03,20.5,67.0
2021-12-04,18.5,62.4
2021-12-05,20.8,68.5
2021-12-06,19.3,57.9
2021-12-07,20.0,66.1
2021-12-08,17.5,56.9
2021-12-09,19.7,75.3
2021-12-10,21.1,68.6
2021-12-11,18.2,58.4
2021-12-12,20.7,62.5
2021-12-13,19.4,65.1
2021-12-14,19.3,55.9
2021-12-15,18.3,55.6
2021-12-16,22.3,67.2
2021-12-17,19.2,65.8
2021-12-18,20.1,72.2
2021-12-19,19.8,64.3
2021-12-20,21.8,67.0
2021-12-21,20.9,61.5
2021-12-22,18.6,66.6
2021-12-23,20.2,70.9
2021-12-24,20.9,66.4
2021-12-25,19.3,74.0
2021-12-26,20.4,60.3
2021-12-27,19.3,60.9
2021-12-28,20.6,67.6
2021-12-29,21.6,61.4
2021-12-30,19.4,61.1
2021-12-31,19.2,70.6
2022-01-01,18.9,69.0
2022-01-02,18.7,69.0
2022-01-03,18.6,66.1
2022-01-04,21.7,61.2
2022-01-05,18.4,71.0
2022-01-06,19.8,66.8
2022-01-07,20.3,65.6
2022-01-08,20.7,63.3
2022-01-09,19.3,70.4
2022-01-10,17.4,66.0
2022-01-11,18.9,59.7
2022-01-12,18.7,67.4
2022-01-13,18.9,67.5
2022-01-14,19.4,63.7
2022-01-15,19.2,65.8
2022-01-16,18.0,67.2
2022-01-17,17.3,55.9
2022-01-18,17.9,70.3
2022-01-19,18.2,57.9
2022-01-20,17.4,58.9
2022-01-21,19.5,64.1
2022-01-22,18.1,64.4
2022-01-23,17.8,64.6
2022-01-24,19.1,66.0
2022-01-25,18.2,65.2
2022-01-26,19.0,67.5
2022-01-27,16.6,67.0
2022-01-28,19.9,64.1
2022-01-29,19.3,62.9
2022-01-30,21.6,60.9
2022-01-31,17.2,63.4
2022-02-01,20.9,59.3
2022-02-02,22.5,60.4
2022-02-03,22.8,66.1
2022-02-04,21.0,62.6
2022-02-05,21.5,58.9
2022-02-06,22.4,48.7
2022-02-07,20.6,64.2
2022-02-08,23.5,60.1
2022-02-09,19.5,61.8
2022-02-10,20.5,64.2
2022-02-11,21.6,58.2
2022-02-12,21.4,54.0
2022-02-13,23.0,54.2
2022-02-14,25.4,63.0
2022-02-15,20.5,57.0
2022-02-16,20.7,63.6
2022-02-17,22.5,67.6
2022-02-18,21.5,62.0
2022-02-19,22.1,54.6
2022-02-20,23.5,53.8
2022-02-21,22.5,61.0
2022-02-22,22.2,58.7
2022-02-23,20.1,52.7
2022-02-24,21.4,52.3
2022-02-25,24.2,62.5
2022-02-26,25.1,56.5
2022-02-27,22.5,67.6
2022-02-28,20.9,61.7
2022-03-01,27.7,62.4
2022-03-02,23.1,64.9
2022-03-03,24.9,55.2
2022-03-04,24.1,57.7
2022-03-05,29.9,57.5
2022-03-06,27.2,57.7
2022-03-07,29.5,63.0
2022-03-08,28.7,49.7
2022-03-09,27.5,65.7
2022-03-10,28.0,61.3
2022-03-11,29.4,55.1
2022-03-12,23.3,54.2
2022-03-13,23.0,68.9
2022-03-14,24.7,68.4
2022-03-15,29.3,59.3
2022-03-16,26.8,59.8
2022-03-17,27.6,60.4
2022-03-18,29.2,55.7
2022-03-19,26.0,54.5
2022-03-20,24.4,59.3
2022-03-21,27.6,53.1
2022-03-22,30.2,55.3
2022-03-23,25.9,59.4
2022-03-24,24.2,70.0
2022-03-25,26.6,51.5
2022-03-26,26.6,59.8
2022-03-27,27.6,62.3
2022-03-28,26.0,67.2
2022-03-29,24.1,61.5
2022-03-30,29.8,62.3
2022-03-31,28.6,55.7
2022-04-01,29.0,67.0
2022-04-02,28.9,56.8
2022-04-03,31.6,70.1
2022-04-04,30.7,54.8
2022-04-05,26.7,63.6
2022-04-06,28.9,62.9
2022-04-07,26.9,64.1
2022-04-08,32.2,65.3
2022-04-09,27.7,60.1
2022-04-10,28.8,64.3
2022-04-11,28.0,52.9
2022-04-12,29.4,64.8
2022-04-13,30.8,61.1
2022-04-14,31.0,57.9
2022-04-15,29.7,58.8
2022-04-16,26.4,58.7
2022-04-17,31.5,61.1
2022-04-18,26.2,63.2
2022-04-19,28.9,57.6
2022-04-20,30.5,63.3
2022-04-21,29.7,53.7
2022-04-22,32.6,64.3
2022-04-23,28.0,60.2
2022-04-24,33.9,71.8
2022-04-25,27.8,61.0
2022-04-26,31.3,65.9
2022-04-27,27.1,69.5
2022-04-28,31.0,72.7
2022-04-29,28.3,65.2
2022-04-30,30.1,74.7
2022-05-01,29.3,76.7
2022-05-02,31.4,72.7
2022-05-03,32.7,82.6
2022-05-04,34.3,71.5
2022-05-05,31.7,73.4
2022-05-06,34.6,66.7
2022-05-07,30.6,73.7
2022-05-08,29.4,70.0
2022-05-09,34.1,83.6
2022-05-10,31.3,66.8
2022-05-11,30.8,73.4
2022-05-12,30.8,77.8
2022-05-13,31.1,68.3
2022-05-14,28.0,74.2
2022-05-15,32.3,67.2
2022-05-16,30.4,67.4
2022-05-17,31.2,72.2
2022-05-18,29.7,81.8
2022-05-19,33.0,67.7
2022-05-20,31.3,66.8
2022-05-21,30.2,76.2
2022-05-22,31.7,73.7
2022-05-23,29.2,68.8
2022-05-24,32.7,84.2
2022-05-25,34.7,79.7
2022-05-26,30.9,77.2
2022-05-27,32.8,66.9
2022-05-28,31.7,70.7
2022-05-29,32.6,72.1
2022-05-30,29.5,77.8
2022-05-31,29.8,66.9
2022-06-01,29.2,90.4
2022-06-02,31.6,78.7
2022-06-03,31.3,81.1
2022-06-04,27.9,81.7
2022-06-05,30.1,87.1
2022-06-06,30.4,75.1
2022-06-07,30.0,80.6
2022-06-08,28.8,82.7
2022-06-09,32.9,83.0
2022-06-10,31.2,78.4
2022-06-11,31.6,80.7
2022-06-12,30.7,88.5
2022-06-13,29.7,85.0
2022-06-14,30.9,94.2
2022-06-15,33.4,73.1
2022-06-16,34.0,88.5
2022-06-17,30.7,88.6
2022-06-18,29.6,93.1
2022-06-19,28.3,78.8
2022-06-20,33.7,96.0
2022-06-21,30.3,79.9
2022-06-22,33.9,88.0
2022-06-23,32.8,86.2
2022-06-24,31.5,77.9
2022-06-25,30.3,79.3
2022-06-26,34.2,79.5
2022-06-27,27.4,77.0
2022-06-28,28.9,84.2
2022-06-29,28.6,82.2
2022-06-30,29.4,81.1
2022-07-01,25.7,85.4
2022-07-02,30.4,88.3
2022-07-03,31.8,93.3
2022-07-04,31.6,82.0
2022-07-05,29.7,90.3
2022-07-06,28.3,94.2
2022-07-07,32.4,84.9
2022-07-08,28.3,83.0
2022-07-09,29.9,89.3
2022-07-10,31.2,88.6
2022-07-11,29.7,93.6
2022-07-12,28.0,82.2
2022-07-13,28.9,80.3
2022-07-14,31.3,86.6
2022-07-15,28.4,95.6
2022-07-16,26.7,76.2
2022-07-17,26.3,81.9
2022-07-18,29.6,87.3
2022-07-19,32.7,93.1
2022-07-20,28.9,81.6
2022-07-21,32.1,81.2
2022-07-22,29.3,86.4
2022-07-23,33.1,96.6
2022-07-24,33.0,95.4
2022-07-25,32.9,89.8
2022-07-26,28.1,84.8
2022-07-27,30.9,89.3
2022-07-28,29.0,92.3
2022-07-29,27.8,98.8
2022-07-30,28.8,84.2
2022-07-31,30.5,89.4
2022-08-01,30.2,87.9
2022-08-02,29.3,77.5
2022-08-03,26.1,86.5
2022-08-04,28.3,96.0
2022-08-05,30.9,95.7
2022-08-06,28.4,83.0
2022-08-07,29.5,88.2
2022-08-08,26.0,84.4
2022-08-09,31.9,84.0
2022-08-10,30.2,79.9
2022-08-11,27.6,78.7
2022-08-12,30.0,79.3
2022-08-13,29.9,83.9
2022-08-14,28.1,82.1
2022-08-15,28.4,78.9
2022-08-16,28.3,94.5
2022-08-17,32.9,88.3
2022-08-18,29.1,84.7
2022-08-19,27.4,94.4
2022-08-20,30.6,81.2
2022-08-21,27.7,93.1
2022-08-22,27.5,78.6
2022-08-23,26.4,83.3
2022-08-24,30.1,96.2
2022-08-25,28.4,82.6
2022-08-26,29.8,86.5
2022-08-27,29.2,84.6
2022-08-28,32.5,84.2
2022-08-29,28.5,95.9
2022-08-30,29.0,83.0
2022-08-31,30.4,81.4
2022-09-01,31.0,76.9
2022-09-02,28.6,71.1
2022-09-03,30.5,86.8
2022-09-04,29.4,80.9
2022-09-05,26.6,87.8
2022-09-06,30.6,85.0
2022-09-07,32.5,92.7
2022-09-08,27.1,94.9
2022-09-09,26.6,83.4
2022-09-10,29.5,84.0
2022-09-11,29.8,81.0
2022-09-12,27.3,72.2
2022-09-13,31.8,86.9
2022-09-14,31.4,82.3
2022-09-15,30.0,85.0
2022-09-16,28.3,92.7
2022-09-17,29.5,77.7
2022-09-18,31.4,85.4
2022-09-19,30.2,80.3
2022-09-20,29.5,88.3
2022-09-21,25.9,95.3
2022-09-22,30.5,81.2
2022-09-23,30.4,77.4
2022-09-24,28.8,80.2
2022-09-25,28.6,96.5
2022-09-26,32.1,92.8
2022-09-27,32.1,84.8
2022-09-28,32.4,80.5
2022-09-29,28.8,86.7
2022-09-30,33.2,83.6
2022-10-01,28.1,73.1
2022-10-02,30.6,72.2
2022-10-03,28.7,75.5
2022-10-04,27.0,71.2
2022-10-05,27.8,68.3
2022-10-06,27.9,76.3
2022-10-07,29.7,77.0
2022-10-08,30.0,70.6
2022-10-09,27.2,69.3
2022-10-10,33.5,76.1
2022-10-11,29.4,80.2
2022-10-12,28.7,80.6
2022-10-13,28.4,85.2
2022-10-14,29.9,81.1
2022-10-15,30.0,78.0
2022-10-16,30.3,76.4
2022-10-17,25.5,81.1
2022-10-18,29.0,73.2
2022-10-19,28.7,74.3
2022-10-20,29.3,75.1
2022-10-21,30.4,81.8
2022-10-22,30.8,83.9
2022-10-23,28.9,75.1
2022-10-24,28.5,72.5
2022-10-25,28.6,72.1
2022-10-26,28.3,79.3
2022-10-27,30.8,85.8
2022-10-28,30.9,69.9
2022-10-29,28.2,75.1
2022-10-30,29.9,69.9
2022-10-31,30.2,77.2
2022-11-01,23.5,74.9
2022-11-02,25.1,78.6
2022-11-03,23.4,73.2
2022-11-04,23.5,60.6
2022-11-05,24.7,68.4
2022-11-06,25.4,65.0
2022-11-07,26.8,64.3
2022-11-08,29.4,65.7
2022-11-09,25.6,71.7
2022-11-10,24.5,81.4
2022-11-11,25.6,68.0
2022-11-12,23.7,77.5
2022-11-13,25.5,60.3
2022-11-14,26.9,72.6
2022-11-15,22.3,65.2
2022-11-16,24.4,62.8
2022-11-17,26.4,63.8
2022-11-18,27.9,69.3
2022-11-19,23.1,60.3
2022-11-20,24.5,78.3
2022-11-21,25.8,68.8
2022-11-22,25.9,63.6
2022-11-23,26.5,70.1
2022-11-24,24.2,68.9
2022-11-25,26.9,69.8
2022-11-26,25.3,65.5
2022-11-27,26.1,68.8
2022-11-28,22.5,75.4
2022-11-29,25.1,65.5
2022-11-30,24.7,63.9
2022-12-01,18.6,76.7
2022-12-02,18.0,62.0
2022-12-03,19.5,75.4
2022-12-04,18.3,64.2
2022-12-05,21.0,60.9
2022-12-06,21.2,69.0
2022-12-07,19.8,65.5
2022-12-08,19.3,66.2
2022-12-09,20.2,61.1
2022-12-10,20.4,70.0
2022-12-11,20.9,67.7
2022-12-12,19.9,62.0
2022-12-13,22.2,68.7
2022-12-14,22.4,60.8
2022-12-15,19.7,54.0
2022-12-16,18.8,66.0
2022-12-17,18.9,62.5
2022-12-18,19.7,68.2
2022-12-19,20.0,51.3
2022-12-20,18.2,70.2
2022-12-21,18.3,66.5
2022-12-22,19.9,59.8
2022-12-23,20.5,61.9
2022-12-24,19.8,67.9
2022-12-25,21.1,71.5
2022-12-26,19.3,73.0
2022-12-27,20.1,72.8
2022-12-28,19.9,63.3
2022-12-29,20.4,66.5
2022-12-30,18.8,62.7
2022-12-31,18.7,65.8
2023-01-01,19.4,69.3
2023-01-02,17.9,76.5
2023-01-03,19.3,70.7
2023-01-04,17.9,56.2
2023-01-05,19.0,69.9
2023-01-06,19.6,60.5
2023-01-07,19.6,62.5
2023-01-08,15.8,69.0
2023-01-09,19.0,69.7
2023-01-10,20.3,64.6
2023-01-11,19.8,66.4
2023-01-12,17.4,66.8
2023-01-13,18.9,73.6
2023-01-14,20.9,57.5
2023-01-15,20.8,62.9
2023-01-16,20.8,73.5
2023-01-17,18.9,62.7
2023-01-18,20.4,55.1
2023-01-19,17.3,69.5
2023-01-20,20.1,57.9
2023-01-21,17.4,65.3
2023-01-22,20.8,63.0
2023-01-23,20.8,71.4
2023-01-24,19.3,66.0
2023-01-25,17.7,62.5
2023-01-26,20.9,67.5
2023-01-27,16.2,60.1
2023-01-28,18.1,65.9
2023-01-29,18.0,65.4
2023-01-30,19.6,62.4
2023-01-31,19.1,66.6
2023-02-01,23.9,53.6
2023-02-02,22.9,55.4
2023-02-03,23.8,57.1
2023-02-04,20.3,54.2
2023-02-05,23.9,64.9
2023-02-06,21.8,64.5
2023-02-07,21.2,61.7
2023-02-08,20.2,56.8
2023-02-09,23.3,63.6
2023-02-10,23.4,60.5
2023-02-11,22.7,61.4
2023-02-12,22.4,51.9
2023-02-13,22.6,56.8
2023-02-14,27.1,67.3
2023-02-15,23.1,60.3
2023-02-16,22.4,60.2
2023-02-17,22.2,64.3
2023-02-18,20.2,67.6
2023-02-19,21.7,66.6
2023-02-20,22.8,59.4
2023-02-21,22.4,56.6
2023-02-22,22.1,55.4
2023-02-23,22.0,64.6
2023-02-24,23.2,62.2
2023-02-25,22.7,56.2
2023-02-26,19.6,65.8
2023-02-27,22.1,52.5
2023-02-28,22.1,50.2
2023-03-01,26.9,62.6
2023-03-02,24.8,52.5
2023-03-03,27.8,52.8
2023-03-04,25.6,58.8
2023-03-05,25.4,51.4
2023-03-06,24.0,63.3
2023-03-07,27.9,53.6
2023-03-08,28.4,63.1
2023-03-09,27.1,59.4
2023-03-10,29.0,63.1
2023-03-11,26.4,62.8
2023-03-12,25.7,50.9
2023-03-13,27.4,65.8
2023-03-14,25.4,49.6
2023-03-15,26.0,60.5
2023-03-16,26.0,58.9
2023-03-17,24.3,58.9
2023-03-18,24.5,65.1
2023-03-19,25.5,58.4
2023-03-20,31.7,56.4
2023-03-21,25.2,60.8
2023-03-22,27.2,60.3
2023-03-23,24.1,61.4
2023-03-24,27.1,55.0
2023-03-25,26.5,60.6
2023-03-26,26.1,62.4
2023-03-27,28.3,70.0
2023-03-28,25.0,62.0
2023-03-29,28.5,63.1
2023-03-30,28.7,53.8
2023-03-31,21.0,57.3
2023-04-01,30.7,64.4
2023-04-02,26.6,68.2
2023-04-03,27.1,64.5
2023-04-04,29.9,55.3
2023-04-05,28.5,54.5
2023-04-06,28.8,67.5
2023-04-07,28.4,66.7
2023-04-08,28.6,70.2
2023-04-09,30.6,62.7
2023-04-10,30.7,59.9
2023-04-11,27.7,62.4
2023-04-12,27.2,70.3
2023-04-13,31.9,69.1
2023-04-14,29.7,62.0
2023-04-15,28.7,58.8
2023-04-16,30.8,60.4
2023-04-17,31.0,57.3
2023-04-18,29.2,64.1
2023-04-19,28.5,65.1
2023-04-20,30.2,67.8
2023-04-21,28.8,66.8
2023-04-22,31.0,57.2
2023-04-23,30.4,62.2
2023-04-24,30.3,63.4
2023-04-25,31.6,66.1
2023-04-26,30.1,65.9
2023-04-27,28.4,67.1
2023-04-28,30.9,51.3
2023-04-29,32.1,70.0
2023-04-30,28.1,59.8
2023-05-01,33.7,68.6
2023-05-02,31.8,71.0
2023-05-03,28.3,73.6
2023-05-04,32.4,75.9
2023-05-05,28.1,86.2
2023-05-06,30.3,75.4
2023-05-07,30.6,73.2
2023-05-08,32.2,65.8
2023-05-09,30.6,63.5
2023-05-10,30.8,72.9
2023-05-11,34.6,72.0
2023-05-12,29.2,83.4
2023-05-13,29.6,78.1
2023-05-14,33.2,78.2
2023-05-15,32.8,80.7
2023-05-16,31.2,76.4
2023-05-17,29.4,74.0
2023-05-18,30.5,79.6
2023-05-19,29.5,72.7
2023-05-20,30.3,61.6
2023-05-21,31.2,77.5
2023-05-22,33.6,71.7
2023-05-23,28.2,80.3
2023-05-24,34.0,66.7
2023-05-25,36.7,66.7
2023-05-26,33.9,83.6
2023-05-27,29.8,85.5
2023-05-28,32.9,73.6
2023-05-29,28.5,76.3
2023-05-30,28.5,74.9
2023-05-31,34.2,78.0
2023-06-01,30.5,89.6
2023-06-02,32.9,88.2
2023-06-03,31.3,86.9
2023-06-04,29.9,73.4
2023-06-05,30.4,88.1
2023-06-06,32.4,83.1
2023-06-07,35.1,88.6
2023-06-08,28.9,89.1
2023-06-09,30.5,86.9
2023-06-10,29.5,82.7
2023-06-11,28.1,82.4
2023-06-12,30.6,74.5
2023-06-13,32.4,84.0
2023-06-14,34.0,73.2
2023-06-15,30.9,81.5
2023-06-16,31.7,77.4
2023-06-17,29.4,92.5
2023-06-18,31.2,82.4
2023-06-19,30.9,83.5
2023-06-20,33.8,80.0
2023-06-21,30.1,81.8
2023-06-22,32.2,84.7
2023-06-23,31.5,86.5
2023-06-24,30.4,96.7
2023-06-25,32.1,88.2
2023-06-26,31.7,91.7
2023-06-27,31.4,88.0
2023-06-28,31.8,88.0
2023-06-29,29.1,80.9
2023-06-30,30.5,83.9
2023-07-01,31.3,99.3
2023-07-02,27.3,86.1
2023-07-03,30.5,92.6
2023-07-04,30.1,83.6
2023-07-05,28.7,97.2
2023-07-06,30.1,85.2
2023-07-07,28.5,91.0
2023-07-08,28.8,88.5
2023-07-09,32.0,86.7
2023-07-10,31.1,88.9
2023-07-11,32.3,93.3
2023-07-12,30.9,74.9
2023-07-13,28.8,81.5
2023-07-14,28.2,91.4
2023-07-15,31.0,81.8
2023-07-16,32.1,92.3
2023-07-17,31.9,92.0
2023-07-18,30.2,87.7
2023-07-19,29.5,78.2
2023-07-20,30.9,86.9
2023-07-21,30.7,96.3
2023-07-22,30.6,95.7
2023-07-23,28.8,94.6
2023-07-24,31.0,89.2
2023-07-25,27.3,90.4
2023-07-26,30.5,84.9
2023-07-27,29.9,76.7
2023-07-28,31.4,92.8
2023-07-29,29.0,92.3
2023-07-30,31.2,79.8
2023-07-31,32.9,89.2
2023-08-01,28.2,75.7
2023-08-02,28.8,91.3
2023-08-03,29.0,92.0
2023-08-04,30.2,86.0
2023-08-05,25.9,82.7
2023-08-06,32.4,87.0
2023-08-07,31.2,85.3
2023-08-08,31.1,88.9
2023-08-09,29.3,81.4
2023-08-10,31.4,84.9
2023-08-11,30.8,94.4
2023-08-12,28.9,73.3
2023-08-13,29.2,90.0
2023-08-14,29.9,88.6
2023-08-15,31.9,94.4
2023-08-16,28.9,82.7
2023-08-17,30.4,89.5
2023-08-18,29.9,80.5
2023-08-19,24.8,86.8
2023-08-20,29.4,80.0
2023-08-21,30.0,84.5
2023-08-22,30.0,81.7
2023-08-23,29.8,91.9
2023-08-24,27.6,87.0
2023-08-25,32.5,89.8
2023-08-26,29.3,92.5
2023-08-27,28.0,66.8
2023-08-28,29.6,75.6
2023-08-29,29.9,78.6
2023-08-30,24.7,91.6
2023-08-31,31.0,84.1
2023-09-01,28.1,84.0
2023-09-02,32.1,86.8
2023-09-03,30.6,87.3
2023-09-04,29.7,77.3
2023-09-05,28.3,84.8
2023-09-06,28.1,90.3
2023-09-07,26.8,86.0
2023-09-08,31.3,82.8
2023-09-09,28.1,95.6
2023-09-10,24.9,86.3
2023-09-11,28.4,85.0
2023-09-12,30.4,85.3
2023-09-13,26.9,94.5
2023-09-14,30.7,86.4
2023-09-15,30.2,78.8
2023-09-16,29.3,92.3
2023-09-17,29.9,78.4
2023-09-18,28.7,85.8
2023-09-19,31.3,95.9
2023-09-20,26.9,84.6
2023-09-21,30.9,73.4
2023-09-22,31.2,80.6
2023-09-23,32.4,79.5
2023-09-24,30.4,81.4
2023-09-25,29.7,99.2
2023-09-26,31.7,85.7
2023-09-27,29.7,76.9
2023-09-28,27.7,87.9
2023-09-29,29.8,80.3
2023-09-30,28.1,89.0
2023-10-01,27.7,68.0
2023-10-02,29.6,69.0
2023-10-03,29.0,79.4
2023-10-04,27.9,85.7
2023-10-05,30.0,79.9
2023-10-06,29.1,72.7
2023-10-07,28.6,79.7
2023-10-08,29.2,77.7
2023-10-09,28.7,78.7
2023-10-10,28.8,75.9
2023-10-11,29.0,75.6
2023-10-12,29.7,76.9
2023-10-13,28.4,79.1
2023-10-14,30.2,74.7
2023-10-15,29.1,76.8
2023-10-16,28.3,74.3
2023-10-17,28.8,76.8
2023-10-18,29.4,77.9
2023-10-19,33.0,80.4
2023-10-20,29.5,67.0
2023-10-21,29.0,75.2
2023-10-22,26.8,77.7
2023-10-23,29.3,72.6
2023-10-24,30.3,79.6
2023-10-25,29.7,75.0
2023-10-26,29.0,90.1
2023-10-27,27.3,75.5
2023-10-28,30.5,79.0
2023-10-29,28.5,67.1
2023-10-30,27.7,75.1
2023-10-31,32.2,83.7
2023-11-01,24.7,68.8
2023-11-02,21.7,58.8
2023-11-03,24.8,74.3
2023-11-04,23.7,65.5
2023-11-05,23.8,66.7
2023-11-06,25.7,74.3
2023-11-07,24.8,60.6
2023-11-08,24.4,74.5
2023-11-09,26.7,65.8
2023-11-10,25.7,64.4
2023-11-11,24.0,73.3
2023-11-12,24.0,70.7
2023-11-13,22.1,70.9
2023-11-14,24.8,71.2
2023-11-15,24.8,65.2
2023-11-16,24.5,77.5
2023-11-17,23.6,70.3
2023-11-18,25.9,64.5
2023-11-19,27.3,67.1
2023-11-20,24.6,70.1
2023-11-21,27.8,71.0
2023-11-22,25.9,68.3
2023-11-23,25.7,72.4
2023-11-24,25.4,71.7
2023-11-25,23.7,72.7
2023-11-26,26.8,69.8
2023-11-27,25.4,65.7
2023-11-28,24.3,69.5
2023-11-29,28.4,69.5
2023-11-30,25.9,70.4
2023-12-01,19.9,65.0
2023-12-02,16.5,66.7
2023-12-03,21.1,70.1
2023-12-04,20.3,62.1
2023-12-05,20.8,60.8
2023-12-06,21.5,69.8
2023-12-07,21.8,80.4
2023-12-08,17.5,59.8
2023-12-09,18.8,73.2
2023-12-10,20.2,58.2
2023-12-11,18.9,62.5
2023-12-12,20.6,61.1
2023-12-13,22.0,59.2
2023-12-14,20.1,71.5
2023-12-15,14.8,69.9
2023-12-16,19.4,59.4
2023-12-17,21.1,62.8
2023-12-18,20.0,67.2
2023-12-19,17.1,64.2
2023-12-20,16.0,65.7
2023-12-21,19.7,64.0
2023-12-22,20.4,68.6
2023-12-23,20.7,66.3
2023-12-24,21.4,67.9
2023-12-25,21.1,62.5
2023-12-26,17.2,68.7
2023-12-27,20.8,70.6
2023-12-28,17.2,59.1
2023-12-29,20.1,70.8
2023-12-30,18.1,69.0
2023-12-31,16.7,61.5
2024-01-01,18.2,67.6
2024-01-02,17.2,64.0
2024-01-03,18.5,58.1
2024-01-04,18.1,67.7
2024-01-05,19.8,61.9
2024-01-06,20.0,63.1
2024-01-07,15.6,63.8
2024-01-08,20.5,61.5
2024-01-09,20.0,70.0
2024-01-10,18.1,61.2
2024-01-11,18.0,65.7
2024-01-12,17.5,69.3
2024-01-13,20.1,58.5
2024-01-14,22.2,63.1
2024-01-15,17.0,60.3
2024-01-16,17.5,61.0
2024-01-17,15.8,72.8
2024-01-18,19.9,66.2
2024-01-19,19.6,65.3
2024-01-20,21.5,61.8
2024-01-21,20.1,70.9
2024-01-22,19.9,63.3
2024-01-23,19.9,71.8
2024-01-24,18.4,60.1
2024-01-25,20.2,70.3
2024-01-26,16.8,67.3
2024-01-27,18.2,71.4
2024-01-28,19.2,61.5
2024-01-29,19.0,64.6
2024-01-30,19.3,67.6
2024-01-31,16.6,62.1
2024-02-01,24.1,56.4
2024-02-02,23.7,54.3
2024-02-03,23.6,59.7
2024-02-04,22.1,62.6
2024-02-05,24.2,68.2
2024-02-06,21.2,55.3
2024-02-07,21.0,61.7
2024-02-08,20.1,57.9
2024-02-09,22.3,62.2
2024-02-10,21.7,57.3
2024-02-11,23.5,64.7
2024-02-12,19.1,57.6
2024-02-13,22.6,50.5
2024-02-14,23.3,59.4
2024-02-15,22.0,54.2
2024-02-16,22.8,59.4
2024-02-17,19.0,59.5
2024-02-18,21.8,56.4
2024-02-19,21.3,59.9
2024-02-20,23.1,52.0
2024-02-21,23.4,59.0
2024-02-22,21.1,53.6
2024-02-23,24.7,62.0
2024-02-24,21.7,64.8
2024-02-25,20.2,53.4
2024-02-26,22.9,64.9
2024-02-27,20.8,63.6
2024-02-28,22.6,55.5
2024-02-29,20.6,61.2
2024-03-01,30.7,52.4
2024-03-02,27.0,59.9
2024-03-03,25.6,63.3
2024-03-04,25.9,49.4
2024-03-05,29.4,46.8
2024-03-06,29.6,57.3
2024-03-07,25.0,64.5
2024-03-08,24.8,56.0
2024-03-09,25.8,58.4
2024-03-10,27.0,56.8
2024-03-11,30.6,68.9
2024-03-12,26.5,59.8
2024-03-13,26.5,61.8
2024-03-14,25.5,60.5
2024-03-15,25.2,64.8
2024-03-16,23.1,64.7
2024-03-17,26.8,63.5
2024-03-18,24.2,53.0
2024-03-19,26.6,57.4
2024-03-20,23.4,64.3
2024-03-21,24.1,64.4
2024-03-22,19.0,63.4
2024-03-23,28.6,66.6
2024-03-24,31.1,54.3
2024-03-25,27.3,49.3
2024-03-26,26.6,61.6
2024-03-27,25.8,55.8
2024-03-28,23.3,51.6
2024-03-29,29.3,56.9
2024-03-30,23.9,55.3
2024-03-31,28.0,52.7
2024-04-01,27.8,56.0
2024-04-02,27.5,63.1
2024-04-03,29.6,61.6
2024-04-04,27.6,71.5
2024-04-05,31.3,64.5
2024-04-06,34.7,69.7
2024-04-07,26.7,64.5
2024-04-08,31.2,61.4
2024-04-09,30.0,58.7
2024-04-10,31.5,62.6
2024-04-11,32.1,63.8
2024-04-12,30.5,62.4
2024-04-13,26.5,69.3
2024-04-14,32.2,62.9
2024-04-15,27.5,64.0
2024-04-16,31.3,67.6
2024-04-17,30.1,71.5
2024-04-18,28.9,60.3
2024-04-19,29.0,72.4
2024-04-20,30.5,63.8
2024-04-21,27.4,61.6
2024-04-22,32.4,58.8
2024-04-23,28.3,72.6
2024-04-24,32.9,63.3
2024-04-25,29.9,58.4
2024-04-26,31.6,59.1
2024-04-27,27.4,64.9
2024-04-28,29.2,67.3
2024-04-29,31.4,58.1
2024-04-30,27.2,64.2
2024-05-01,31.1,77.1
2024-05-02,31.9,74.0
2024-05-03,31.0,77.9
2024-05-04,27.8,69.4
2024-05-05,31.8,74.9
2024-05-06,31.3,74.2
2024-05-07,31.7,76.4
2024-05-08,31.0,74.2
2024-05-09,33.0,82.3
2024-05-10,31.3,74.7
2024-05-11,31.7,84.5
2024-05-12,30.3,68.1
2024-05-13,29.9,82.1
2024-05-14,34.3,73.7
2024-05-15,35.2,79.0
2024-05-16,32.8,74.8
2024-05-17,33.6,65.9
2024-05-18,32.9,72.5
2024-05-19,27.8,85.4
2024-05-20,31.5,66.9
2024-05-21,29.1,71.9
2024-05-22,30.1,76.6
2024-05-23,32.5,70.5
2024-05-24,31.4,78.1
2024-05-25,33.1,76.8
2024-05-26,34.2,81.7
2024-05-27,32.5,77.3
2024-05-28,32.6,80.9
2024-05-29,31.0,67.6
2024-05-30,30.3,72.4
2024-05-31,36.3,79.8
2024-06-01,28.3,83.8
2024-06-02,30.4,78.2
2024-06-03,28.7,87.0
2024-06-04,28.6,81.0
2024-06-05,27.8,89.0
2024-06-06,30.2,84.7
2024-06-07,32.3,88.1
2024-06-08,32.7,79.5
2024-06-09,29.5,78.7
2024-06-10,30.3,81.7
2024-06-11,32.0,86.5
2024-06-12,26.8,80.9
2024-06-13,34.5,76.5
2024-06-14,30.7,82.2
2024-06-15,32.0,82.6
2024-06-16,31.7,87.0
2024-06-17,28.6,81.8
2024-06-18,31.3,91.5
2024-06-19,29.2,80.4
2024-06-20,28.0,89.8
2024-06-21,30.2,77.3
2024-06-22,31.3,83.7
2024-06-23,31.1,91.9
2024-06-24,31.0,80.2
2024-06-25,30.2,93.3
2024-06-26,31.7,87.7
2024-06-27,36.1,87.8
2024-06-28,33.8,96.7
2024-06-29,29.4,93.3
2024-06-30,28.0,83.5
2024-07-01,29.7,92.3
2024-07-02,29.7,91.3
2024-07-03,29.4,71.6
2024-07-04,31.7,92.4
2024-07-05,26.7,88.3
2024-07-06,31.6,87.8
2024-07-07,29.7,93.9
2024-07-08,28.9,73.2
2024-07-09,31.9,84.1
2024-07-10,30.8,86.7
2024-07-11,31.9,89.7
2024-07-12,31.2,91.0
2024-07-13,31.5,77.6
2024-07-14,32.0,90.0
2024-07-15,31.4,88.0
2024-07-16,28.7,93.6
2024-07-17,30.7,87.5
2024-07-18,28.9,90.4
2024-07-19,29.3,100.0
2024-07-20,31.7,92.5
2024-07-21,27.3,92.2
2024-07-22,30.9,80.4
2024-07-23,26.9,90.6
2024-07-24,30.6,80.8
2024-07-25,29.9,88.8
2024-07-26,31.8,89.4
2024-07-27,30.7,82.7
2024-07-28,29.6,90.8
2024-07-29,28.1,95.2
2024-07-30,28.9,82.8
2024-07-31,25.5,85.4
2024-08-01,29.1,90.1
2024-08-02,30.8,85.4
2024-08-03,28.7,86.8
2024-08-04,30.6,89.1
2024-08-05,27.8,81.5
2024-08-06,28.9,79.1
2024-08-07,31.1,85.0
2024-08-08,28.3,89.3
2024-08-09,31.8,87.8
2024-08-10,26.6,87.2
2024-08-11,29.3,84.2
2024-08-12,29.2,79.3
2024-08-13,28.0,83.3
2024-08-14,29.2,83.6
2024-08-15,30.0,88.5
2024-08-16,32.5,89.7
2024-08-17,26.9,82.0
2024-08-18,27.4,76.3
2024-08-19,26.0,87.0
2024-08-20,30.0,80.9
2024-08-21,28.3,76.9
2024-08-22,29.6,79.6
2024-08-23,32.4,89.0
2024-08-24,32.4,80.8
2024-08-25,28.3,92.3
2024-08-26,30.4,89.9
2024-08-27,24.6,82.9
2024-08-28,26.4,81.7
2024-08-29,30.0,95.6
2024-08-30,26.8,82.1
2024-08-31,30.2,78.0
2024-09-01,29.9,80.0
2024-09-02,26.4,83.0
2024-09-03,31.7,76.9
2024-09-04,30.1,87.5
2024-09-05,30.1,87.5
2024-09-06,30.6,81.9
2024-09-07,30.8,86.7
2024-09-08,30.1,80.2
2024-09-09,30.9,82.6
2024-09-10,30.7,78.6
2024-09-11,31.6,93.0
2024-09-12,29.8,82.3
2024-09-13,28.8,80.1
2024-09-14,32.9,83.6
2024-09-15,29.3,88.4
2024-09-16,31.1,87.0
2024-09-17,32.0,80.2
2024-09-18,24.9,89.9
2024-09-19,25.9,93.7
2024-09-20,29.4,89.2
2024-09-21,30.7,88.0
2024-09-22,30.4,84.8
2024-09-23,30.0,89.9
2024-09-24,26.6,85.7
2024-09-25,29.1,85.4
2024-09-26,31.9,87.9
2024-09-27,30.6,74.2
2024-09-28,27.8,84.4
2024-09-29,29.1,80.3
2024-09-30,29.8,82.0
2024-10-01,29.3,78.2
2024-10-02,29.3,72.3
2024-10-03,31.3,78.1
2024-10-04,30.3,71.0
2024-10-05,27.9,76.1
2024-10-06,29.3,68.9
2024-10-07,29.7,77.3
2024-10-08,28.4,71.0
2024-10-09,30.2,77.9
2024-10-10,28.3,71.2
2024-10-11,28.7,69.4
2024-10-12,28.3,68.1
2024-10-13,29.9,68.9
2024-10-14,31.3,84.2
2024-10-15,26.7,78.4
2024-10-16,30.0,65.7
2024-10-17,30.3,69.5
2024-10-18,29.9,65.8
2024-10-19,27.6,71.9
2024-10-20,28.3,74.6
2024-10-21,29.2,90.4
2024-10-22,28.2,76.3
2024-10-23,29.0,71.5
2024-10-24,27.3,76.8
2024-10-25,30.3,81.8
2024-10-26,29.8,82.8
2024-10-27,27.5,72.3
2024-10-28,30.5,76.5
2024-10-29,29.0,80.6
2024-10-30,29.0,74.5
2024-10-31,30.2,80.7
2024-11-01,26.0,68.6
2024-11-02,25.3,71.5
2024-11-03,24.2,66.4
2024-11-04,24.7,71.0
2024-11-05,25.7,67.5
2024-11-06,22.5,65.9
2024-11-07,24.2,62.4
2024-11-08,23.4,72.3
2024-11-09,23.6,62.8
2024-11-10,27.9,65.0
2024-11-11,24.2,66.1
2024-11-12,25.5,68.8
2024-11-13,26.2,63.9
2024-11-14,26.5,74.6
2024-11-15,25.6,74.4
2024-11-16,25.3,73.7
2024-11-17,25.9,66.8
2024-11-18,26.7,71.2
2024-11-19,24.1,61.6
2024-11-20,22.5,65.6
2024-11-21,22.5,62.2
2024-11-22,24.4,74.8
2024-11-23,26.6,66.5
2024-11-24,25.8,65.5
2024-11-25,23.7,69.1
2024-11-26,24.0,68.1
2024-11-27,24.4,68.2
2024-11-28,25.6,57.6
2024-11-29,26.0,69.4
2024-11-30,22.7,67.9
2024-12-01,17.3,60.3
2024-12-02,21.1,64.0
2024-12-03,20.2,60.3
2024-12-04,19.1,65.6
2024-12-05,19.2,64.9
2024-12-06,18.4,73.7
2024-12-07,18.0,67.3
2024-12-08,18.9,60.8
2024-12-09,19.6,60.4
2024-12-10,19.8,57.2
2024-12-11,20.7,63.8
2024-12-12,21.5,67.5
2024-12-13,18.7,81.9
2024-12-14,22.3,67.9
2024-12-15,21.3,67.0
2024-12-16,22.9,57.0
2024-12-17,19.9,72.8
2024-12-18,18.7,67.9
2024-12-19,19.6,73.4
2024-12-20,19.8,57.8
2024-12-21,20.2,66.8
2024-12-22,22.3,66.2
2024-12-23,20.2,68.4
2024-12-24,17.1,69.0
2024-12-25,21.2,72.6
2024-12-26,20.3,62.9
2024-12-27,20.0,68.9
2024-12-28,19.4,70.5
2024-12-29,17.1,58.0
2024-12-30,21.5,60.6
2024-12-31,19.6,59.4
