Date,Temperature_C,Humidity_pct,WindSpeed_kmh
2020-10-23 20:42:03.326997,12.4,88.3,39.9
2020-10-24 20:42:03.326997,10.2,90.3,19.0
2020-10-25 20:42:03.326997,15.4,90.3,11.5
2020-10-26 20:42:03.326997,17.6,85.4,5.6
2020-10-27 20:42:03.326997,18.1,77.8,33.9
2020-10-28 20:42:03.326997,13.3,85.4,14.3
2020-10-29 20:42:03.326997,16.2,85.0,18.4
2020-10-30 20:42:03.326997,12.5,78.0,10.8
2020-10-31 20:42:03.326997,16.9,90.8,33.4
2020-11-01 20:42:03.326997,17.0,81.8,4.1
2020-11-02 20:42:03.326997,14.9,81.7,40.0
2020-11-03 20:42:03.326997,15.5,85.4,26.8
2020-11-04 20:42:03.326997,19.4,85.3,10.6
2020-11-05 20:42:03.326997,16.4,84.8,10.6
2020-11-06 20:42:03.326997,17.6,83.6,5.8
2020-11-07 20:42:03.326997,21.5,91.5,22.9
2020-11-08 20:42:03.326997,21.0,99.4,38.8
2020-11-09 20:42:03.326997,21.8,92.9,9.9
2020-11-10 20:42:03.326997,13.1,89.9,14.2
2020-11-11 20:42:03.326997,18.0,77.3,28.7
2020-11-12 20:42:03.326997,12.3,84.5,28.8
2020-11-13 20:42:03.326997,18.3,72.2,4.6
2020-11-14 20:42:03.326997,17.3,79.2,11.3
2020-11-15 20:42:03.326997,18.3,81.7,26.2
2020-11-16 20:42:03.326997,17.9,91.2,26.8
2020-11-17 20:42:03.326997,17.4,85.5,33.4
2020-11-18 20:42:03.326997,19.0,83.4,25.1
2020-11-19 20:42:03.326997,24.2,85.7,21.2
2020-11-20 20:42:03.326997,21.8,87.6,4.0
2020-11-21 20:42:03.326997,21.1,81.7,23.8
2020-11-22 20:42:03.326997,25.5,88.3,5.5
2020-11-23 20:42:03.326997,12.6,76.7,7.3
2020-11-24 20:42:03.326997,16.6,73.3,36.7
2020-11-25 20:42:03.326997,16.3,87.7,2.7
2020-11-26 20:42:03.326997,22.4,76.2,9.4
2020-11-27 20:42:03.326997,19.1,79.8,20.8
2020-11-28 20:42:03.326997,17.3,94.5,30.1
2020-11-29 20:42:03.326997,24.8,87.6,10.9
2020-11-30 20:42:03.326997,23.8,77.4,11.4
2020-12-01 20:42:03.326997,19.0,80.2,13.2
2020-12-02 20:42:03.326997,20.6,82.6,32.7
2020-12-03 20:42:03.326997,20.1,83.4,26.8
2020-12-04 20:42:03.326997,18.1,87.6,22.5
2020-12-05 20:42:03.326997,27.3,74.7,9.2
2020-12-06 20:42:03.326997,19.4,80.0,36.1
2020-12-07 20:42:03.326997,19.7,82.3,8.8
2020-12-08 20:42:03.326997,25.2,79.5,12.9
2020-12-09 20:42:03.326997,24.7,82.2,19.4
2020-12-10 20:42:03.326997,22.9,80.4,27.0
2020-12-11 20:42:03.326997,22.4,72.6,12.3
2020-12-12 20:42:03.326997,24.9,74.8,22.8
2020-12-13 20:42:03.326997,17.2,84.0,38.8
2020-12-14 20:42:03.326997,23.9,78.2,23.2
2020-12-15 20:42:03.326997,22.4,80.3,20.4
2020-12-16 20:42:03.326997,27.2,85.1,23.0
2020-12-17 20:42:03.326997,26.2,87.6,25.8
2020-12-18 20:42:03.326997,19.5,76.2,22.0
2020-12-19 20:42:03.326997,22.6,77.9,23.1
2020-12-20 20:42:03.326997,23.1,75.0,39.7
2020-12-21 20:42:03.326997,28.5,77.5,5.2
2020-12-22 20:42:03.326997,23.4,76.6,17.0
2020-12-23 20:42:03.326997,24.0,74.9,35.7
2020-12-24 20:42:03.326997,23.4,69.5,25.1
2020-12-25 20:42:03.326997,26.4,72.1,33.9
2020-12-26 20:42:03.326997,21.6,67.6,16.9
2020-12-27 20:42:03.326997,21.1,71.6,24.9
2020-12-28 20:42:03.326997,22.5,81.3,12.8
2020-12-29 20:42:03.326997,18.1,69.4,12.8
2020-12-30 20:42:03.326997,19.9,82.6,3.3
2020-12-31 20:42:03.326997,24.0,74.9,28.4
2021-01-01 20:42:03.326997,29.4,74.1,4.2
2021-01-02 20:42:03.326997,21.4,78.1,9.0
2021-01-03 20:42:03.326997,26.7,76.9,9.2
2021-01-04 20:42:03.326997,23.8,78.8,12.7
2021-01-05 20:42:03.326997,24.3,68.7,12.0
2021-01-06 20:42:03.326997,25.9,66.9,22.4
2021-01-07 20:42:03.326997,23.9,87.9,30.3
2021-01-08 20:42:03.326997,25.7,71.1,35.9
2021-01-09 20:42:03.326997,21.9,69.9,36.3
2021-01-10 20:42:03.326997,25.7,83.0,35.0
2021-01-11 20:42:03.326997,29.6,69.2,2.7
2021-01-12 20:42:03.326997,18.8,71.4,2.7
2021-01-13 20:42:03.326997,20.1,69.4,2.1
2021-01-14 20:42:03.326997,22.6,64.6,5.4
2021-01-15 20:42:03.326997,24.4,75.8,25.9
2021-01-16 20:42:03.326997,25.9,70.4,28.9
2021-01-17 20:42:03.326997,25.0,69.6,7.5
2021-01-18 20:42:03.326997,30.3,65.3,19.1
2021-01-19 20:42:03.326997,26.3,61.6,37.3
2021-01-20 20:42:03.326997,24.5,69.8,28.9
2021-01-21 20:42:03.326997,25.7,68.3,19.0
2021-01-22 20:42:03.326997,24.7,67.4,6.9
2021-01-23 20:42:03.326997,26.6,67.9,25.6
2021-01-24 20:42:03.326997,27.3,73.4,13.8
2021-01-25 20:42:03.326997,27.0,70.9,38.3
2021-01-26 20:42:03.326997,26.6,59.6,38.8
2021-01-27 20:42:03.326997,24.4,64.7,33.0
2021-01-28 20:42:03.326997,27.9,62.8,35.5
2021-01-29 20:42:03.326997,23.0,69.8,8.0
2021-01-30 20:42:03.326997,27.6,72.9,29.0
2021-01-31 20:42:03.326997,24.8,68.9,26.5
2021-02-01 20:42:03.326997,28.8,66.1,9.9
2021-02-02 20:42:03.326997,25.8,61.6,11.4
2021-02-03 20:42:03.326997,24.8,71.2,17.7
2021-02-04 20:42:03.326997,29.5,67.7,4.1
2021-02-05 20:42:03.326997,17.9,70.8,35.3
2021-02-06 20:42:03.326997,25.5,75.4,37.8
2021-02-07 20:42:03.326997,26.7,67.0,2.8
2021-02-08 20:42:03.326997,22.7,71.7,23.5
2021-02-09 20:42:03.326997,22.9,63.9,11.9
2021-02-10 20:42:03.326997,20.3,67.8,10.6
2021-02-11 20:42:03.326997,22.4,70.7,36.1
2021-02-12 20:42:03.326997,24.8,75.2,12.4
2021-02-13 20:42:03.326997,22.0,66.7,23.0
2021-02-14 20:42:03.326997,24.8,55.3,30.2
2021-02-15 20:42:03.326997,26.4,60.6,20.8
2021-02-16 20:42:03.326997,27.3,60.9,12.8
2021-02-17 20:42:03.326997,24.7,61.1,19.8
2021-02-18 20:42:03.326997,26.7,66.1,10.6
2021-02-19 20:42:03.326997,23.2,64.1,5.8
2021-02-20 20:42:03.326997,22.5,64.5,16.5
2021-02-21 20:42:03.326997,28.8,59.7,9.6
2021-02-22 20:42:03.326997,25.2,65.4,11.4
2021-02-23 20:42:03.326997,24.0,60.9,24.5
2021-02-24 20:42:03.326997,25.5,65.4,2.8
2021-02-25 20:42:03.326997,27.3,58.3,12.7
2021-02-26 20:42:03.326997,23.1,58.6,2.6
2021-02-27 20:42:03.326997,23.3,53.2,35.3
2021-02-28 20:42:03.326997,22.5,67.6,22.7
2021-03-01 20:42:03.326997,20.9,65.1,39.3
2021-03-02 20:42:03.326997,23.6,61.8,17.6
2021-03-03 20:42:03.326997,23.0,66.5,4.4
2021-03-04 20:42:03.326997,21.6,62.3,27.1
2021-03-05 20:42:03.326997,22.7,64.3,22.1
2021-03-06 20:42:03.326997,19.3,47.7,21.1
2021-03-07 20:42:03.326997,22.0,54.6,12.5
2021-03-08 20:42:03.326997,26.4,62.7,21.6
2021-03-09 20:42:03.326997,22.5,56.5,20.8
2021-03-10 20:42:03.326997,19.4,67.1,33.3
2021-03-11 20:42:03.326997,24.7,56.8,3.6
2021-03-12 20:42:03.326997,18.7,58.7,23.9
2021-03-13 20:42:03.326997,22.4,61.2,12.7
2021-03-14 20:42:03.326997,22.2,61.7,20.6
2021-03-15 20:42:03.326997,18.4,50.3,22.4
2021-03-16 20:42:03.326997,22.2,60.1,27.9
2021-03-17 20:42:03.326997,23.6,58.8,29.1
2021-03-18 20:42:03.326997,21.0,58.0,12.5
2021-03-19 20:42:03.326997,19.5,46.1,36.4
2021-03-20 20:42:03.326997,24.7,52.1,19.1
2021-03-21 20:42:03.326997,25.6,67.4,12.8
2021-03-22 20:42:03.326997,18.3,61.8,31.9
2021-03-23 20:42:03.326997,19.0,58.6,5.0
2021-03-24 20:42:03.326997,20.5,60.6,32.1
2021-03-25 20:42:03.326997,12.9,48.4,11.6
2021-03-26 20:42:03.326997,22.0,65.8,32.0
2021-03-27 20:42:03.326997,19.4,64.2,12.6
2021-03-28 20:42:03.326997,24.7,64.6,27.1
2021-03-29 20:42:03.326997,18.6,53.2,7.9
2021-03-30 20:42:03.326997,18.3,58.6,29.7
2021-03-31 20:42:03.326997,20.0,58.8,5.0
2021-04-01 20:42:03.326997,12.0,57.1,34.3
2021-04-02 20:42:03.326997,15.3,58.6,10.9
2021-04-03 20:42:03.326997,26.0,46.2,35.4
2021-04-04 20:42:03.326997,16.8,60.0,4.5
2021-04-05 20:42:03.326997,21.8,50.4,8.1
2021-04-06 20:42:03.326997,16.7,55.0,19.5
2021-04-07 20:42:03.326997,19.9,50.4,15.1
2021-04-08 20:42:03.326997,18.9,55.0,5.1
2021-04-09 20:42:03.326997,11.5,56.8,26.6
2021-04-10 20:42:03.326997,21.0,64.8,20.5
2021-04-11 20:42:03.326997,15.4,54.4,10.5
2021-04-12 20:42:03.326997,19.2,57.3,15.3
2021-04-13 20:42:03.326997,17.1,54.8,28.4
2021-04-14 20:42:03.326997,10.2,48.8,20.6
2021-04-15 20:42:03.326997,15.6,56.9,21.1
2021-04-16 20:42:03.326997,11.5,55.3,34.8
2021-04-17 20:42:03.326997,15.8,57.8,25.0
2021-04-18 20:42:03.326997,12.4,44.3,12.4
2021-04-19 20:42:03.326997,13.8,54.9,7.6
2021-04-20 20:42:03.326997,10.6,53.9,24.9
2021-04-21 20:42:03.326997,11.5,51.3,20.6
2021-04-22 20:42:03.326997,14.1,53.4,5.9
2021-04-23 20:42:03.326997,15.7,44.9,20.0
2021-04-24 20:42:03.326997,14.1,58.8,34.2
2021-04-25 20:42:03.326997,19.5,52.2,2.0
2021-04-26 20:42:03.326997,13.4,47.4,14.1
2021-04-27 20:42:03.326997,14.0,56.2,21.7
2021-04-28 20:42:03.326997,6.9,61.9,20.5
2021-04-29 20:42:03.326997,11.3,47.5,39.6
2021-04-30 20:42:03.326997,15.5,53.3,4.0
2021-05-01 20:42:03.326997,10.7,52.7,17.5
2021-05-02 20:42:03.326997,18.1,56.3,39.2
2021-05-03 20:42:03.326997,17.8,50.4,34.7
2021-05-04 20:42:03.326997,16.7,55.3,37.5
2021-05-05 20:42:03.326997,14.5,53.7,2.3
2021-05-06 20:42:03.326997,10.9,63.9,31.0
2021-05-07 20:42:03.326997,11.0,52.2,27.3
2021-05-08 20:42:03.326997,12.6,62.5,32.5
2021-05-09 20:42:03.326997,11.0,56.5,7.4
2021-05-10 20:42:03.326997,14.3,56.1,27.6
2021-05-11 20:42:03.326997,12.4,52.4,4.6
2021-05-12 20:42:03.326997,13.1,49.0,16.8
2021-05-13 20:42:03.326997,11.6,53.3,35.1
2021-05-14 20:42:03.326997,10.0,46.5,9.4
2021-05-15 20:42:03.326997,17.6,60.1,18.7
2021-05-16 20:42:03.326997,11.8,54.6,22.9
2021-05-17 20:42:03.326997,11.0,62.0,38.2
2021-05-18 20:42:03.326997,12.6,56.6,32.9
2021-05-19 20:42:03.326997,10.4,53.2,25.6
2021-05-20 20:42:03.326997,9.6,57.0,16.3
2021-05-21 20:42:03.326997,10.8,53.9,5.4
2021-05-22 20:42:03.326997,10.9,64.1,3.2
2021-05-23 20:42:03.326997,10.3,54.3,34.7
2021-05-24 20:42:03.326997,11.6,58.8,35.9
2021-05-25 20:42:03.326997,7.9,53.5,23.9
2021-05-26 20:42:03.326997,9.2,46.5,35.1
2021-05-27 20:42:03.326997,7.4,59.7,22.5
2021-05-28 20:42:03.326997,6.8,63.4,5.5
2021-05-29 20:42:03.326997,10.1,58.0,30.6
2021-05-30 20:42:03.326997,5.5,50.3,39.4
2021-05-31 20:42:03.326997,5.2,49.6,4.8
2021-06-01 20:42:03.326997,12.2,55.4,31.9
2021-06-02 20:42:03.326997,8.9,57.7,10.2
2021-06-03 20:42:03.326997,7.9,55.2,20.5
2021-06-04 20:42:03.326997,8.0,70.2,39.4
2021-06-05 20:42:03.326997,12.3,57.5,31.2
2021-06-06 20:42:03.326997,10.2,57.1,8.8
2021-06-07 20:42:03.326997,-1.8,51.3,38.1
2021-06-08 20:42:03.326997,12.9,51.9,12.7
2021-06-09 20:42:03.326997,8.3,57.5,18.9
2021-06-10 20:42:03.326997,4.1,58.4,18.9
2021-06-11 20:42:03.326997,13.9,63.8,39.7
2021-06-12 20:42:03.326997,6.5,53.4,7.1
2021-06-13 20:42:03.326997,4.4,63.3,39.5
2021-06-14 20:42:03.326997,9.0,62.2,17.1
2021-06-15 20:42:03.326997,6.7,60.5,5.8
2021-06-16 20:42:03.326997,8.1,70.4,29.2
2021-06-17 20:42:03.326997,9.6,65.1,26.4
2021-06-18 20:42:03.326997,2.4,72.2,12.4
2021-06-19 20:42:03.326997,8.2,62.4,20.7
2021-06-20 20:42:03.326997,1.7,56.8,6.0
2021-06-21 20:42:03.326997,2.1,64.6,27.9
2021-06-22 20:42:03.326997,2.7,54.3,10.4
2021-06-23 20:42:03.326997,6.4,66.3,20.9
2021-06-24 20:42:03.326997,9.1,55.7,14.5
2021-06-25 20:42:03.326997,-1.1,60.6,37.2
2021-06-26 20:42:03.326997,6.4,59.5,24.1
2021-06-27 20:42:03.326997,0.9,66.6,39.6
2021-06-28 20:42:03.326997,9.0,66.3,13.0
2021-06-29 20:42:03.326997,9.2,69.1,33.4
2021-06-30 20:42:03.326997,10.2,65.1,18.5
2021-07-01 20:42:03.326997,-3.0,69.1,13.9
2021-07-02 20:42:03.326997,10.8,63.9,32.6
2021-07-03 20:42:03.326997,6.8,65.2,29.0
2021-07-04 20:42:03.326997,4.3,64.9,6.4
2021-07-05 20:42:03.326997,4.7,72.8,35.2
2021-07-06 20:42:03.326997,3.4,64.3,19.3
2021-07-07 20:42:03.326997,6.6,61.9,13.9
2021-07-08 20:42:03.326997,4.9,62.6,36.3
2021-07-09 20:42:03.326997,10.0,64.7,7.9
2021-07-10 20:42:03.326997,5.8,50.4,28.0
2021-07-11 20:42:03.326997,0.6,68.5,22.8
2021-07-12 20:42:03.326997,2.1,76.7,37.4
2021-07-13 20:42:03.326997,7.7,71.1,19.4
2021-07-14 20:42:03.326997,5.7,66.7,10.2
2021-07-15 20:42:03.326997,7.0,71.3,24.4
2021-07-16 20:42:03.326997,2.9,63.1,25.4
2021-07-17 20:42:03.326997,10.0,61.6,21.1
2021-07-18 20:42:03.326997,7.4,70.2,22.6
2021-07-19 20:42:03.326997,5.6,66.2,15.2
2021-07-20 20:42:03.326997,2.2,65.6,17.7
2021-07-21 20:42:03.326997,6.6,79.1,16.0
2021-07-22 20:42:03.326997,1.7,64.3,25.8
2021-07-23 20:42:03.326997,-2.7,76.3,18.2
2021-07-24 20:42:03.326997,5.1,70.2,11.3
2021-07-25 20:42:03.326997,4.8,64.5,6.2
2021-07-26 20:42:03.326997,5.0,80.2,14.3
2021-07-27 20:42:03.326997,7.4,65.9,14.6
2021-07-28 20:42:03.326997,6.5,70.8,30.8
2021-07-29 20:42:03.326997,4.2,74.0,5.8
2021-07-30 20:42:03.326997,1.1,66.7,34.0
2021-07-31 20:42:03.326997,1.0,77.1,17.6
2021-08-01 20:42:03.326997,7.6,69.2,8.9
2021-08-02 20:42:03.326997,6.3,62.2,16.4
2021-08-03 20:42:03.326997,-2.0,76.4,6.1
2021-08-04 20:42:03.326997,7.1,68.9,24.8
2021-08-05 20:42:03.326997,3.2,65.6,35.2
2021-08-06 20:42:03.326997,8.0,66.7,37.9
2021-08-07 20:42:03.326997,4.1,73.0,9.6
2021-08-08 20:42:03.326997,3.3,70.8,33.9
2021-08-09 20:42:03.326997,2.7,74.6,25.7
2021-08-10 20:42:03.326997,6.1,77.4,22.4
2021-08-11 20:42:03.326997,6.4,74.8,15.5
2021-08-12 20:42:03.326997,2.1,72.0,22.3
2021-08-13 20:42:03.326997,2.2,73.2,10.4
2021-08-14 20:42:03.326997,6.4,87.0,3.4
2021-08-15 20:42:03.326997,7.0,81.3,21.4
2021-08-16 20:42:03.326997,4.3,76.2,29.1
2021-08-17 20:42:03.326997,9.0,82.6,13.3
2021-08-18 20:42:03.326997,7.2,77.5,24.8
2021-08-19 20:42:03.326997,6.5,79.7,28.6
2021-08-20 20:42:03.326997,6.0,81.5,17.2
2021-08-21 20:42:03.326997,10.3,79.2,39.6
2021-08-22 20:42:03.326997,8.4,75.0,7.1
2021-08-23 20:42:03.326997,3.4,84.9,10.0
2021-08-24 20:42:03.326997,7.2,79.3,19.0
2021-08-25 20:42:03.326997,5.2,85.8,3.7
2021-08-26 20:42:03.326997,8.7,74.7,23.8
2021-08-27 20:42:03.326997,-1.5,75.0,21.9
2021-08-28 20:42:03.326997,5.7,78.3,16.9
2021-08-29 20:42:03.326997,9.5,87.5,6.7
2021-08-30 20:42:03.326997,5.7,80.7,36.4
2021-08-31 20:42:03.326997,6.1,76.8,4.5
2021-09-01 20:42:03.326997,7.9,77.5,28.4
2021-09-02 20:42:03.326997,10.0,78.9,5.3
2021-09-03 20:42:03.326997,16.3,79.6,5.9
2021-09-04 20:42:03.326997,8.3,85.0,20.4
2021-09-05 20:42:03.326997,11.9,82.8,29.2
2021-09-06 20:42:03.326997,8.9,80.1,10.4
2021-09-07 20:42:03.326997,8.9,80.7,19.0
2021-09-08 20:42:03.326997,7.5,77.8,18.8
2021-09-09 20:42:03.326997,3.9,85.2,24.8
2021-09-10 20:42:03.326997,2.7,81.4,14.2
2021-09-11 20:42:03.326997,9.0,78.7,14.3
2021-09-12 20:42:03.326997,2.4,86.9,9.4
2021-09-13 20:42:03.326997,2.8,87.7,20.1
2021-09-14 20:42:03.326997,12.2,73.6,38.8
2021-09-15 20:42:03.326997,9.4,85.9,25.1
2021-09-16 20:42:03.326997,10.9,77.5,11.1
2021-09-17 20:42:03.326997,12.8,77.9,36.3
2021-09-18 20:42:03.326997,12.1,87.1,3.5
2021-09-19 20:42:03.326997,8.0,74.2,10.4
2021-09-20 20:42:03.326997,10.2,82.3,20.9
2021-09-21 20:42:03.326997,11.0,87.5,39.9
2021-09-22 20:42:03.326997,8.5,88.0,7.5
2021-09-23 20:42:03.326997,14.0,77.3,35.0
2021-09-24 20:42:03.326997,9.9,81.4,21.6
2021-09-25 20:42:03.326997,13.1,88.4,26.7
2021-09-26 20:42:03.326997,9.2,77.4,28.5
2021-09-27 20:42:03.326997,12.8,84.5,2.1
2021-09-28 20:42:03.326997,8.1,88.0,3.0
2021-09-29 20:42:03.326997,10.1,82.1,26.1
2021-09-30 20:42:03.326997,7.0,86.6,39.8
2021-10-01 20:42:03.326997,1.7,84.1,22.7
2021-10-02 20:42:03.326997,11.2,80.9,25.2
2021-10-03 20:42:03.326997,5.8,86.2,12.9
2021-10-04 20:42:03.326997,8.5,84.6,21.4
2021-10-05 20:42:03.326997,10.2,90.4,31.7
2021-10-06 20:42:03.326997,16.2,86.9,16.6
2021-10-07 20:42:03.326997,10.5,86.6,15.8
2021-10-08 20:42:03.326997,15.5,73.7,34.8
2021-10-09 20:42:03.326997,14.6,81.4,15.7
2021-10-10 20:42:03.326997,7.7,74.8,3.9
2021-10-11 20:42:03.326997,10.7,91.1,21.6
2021-10-12 20:42:03.326997,11.2,78.8,18.6
2021-10-13 20:42:03.326997,15.3,84.2,36.4
2021-10-14 20:42:03.326997,17.2,74.3,31.9
2021-10-15 20:42:03.326997,8.6,80.5,22.6
2021-10-16 20:42:03.326997,7.9,85.5,34.2
2021-10-17 20:42:03.326997,11.7,85.3,30.9
2021-10-18 20:42:03.326997,12.5,83.5,20.5
2021-10-19 20:42:03.326997,16.4,78.0,9.6
2021-10-20 20:42:03.326997,14.8,84.5,35.7
2021-10-21 20:42:03.326997,11.7,80.8,15.5
2021-10-22 20:42:03.326997,15.3,87.2,28.4
2021-10-23 20:42:03.326997,15.5,85.7,26.9
2021-10-24 20:42:03.326997,15.4,90.7,15.4
2021-10-25 20:42:03.326997,22.8,86.7,16.3
2021-10-26 20:42:03.326997,19.4,83.3,3.7
2021-10-27 20:42:03.326997,14.7,92.9,35.1
2021-10-28 20:42:03.326997,15.1,89.9,9.0
2021-10-29 20:42:03.326997,18.9,82.7,2.4
2021-10-30 20:42:03.326997,16.4,90.6,3.2
2021-10-31 20:42:03.326997,17.0,76.9,9.1
2021-11-01 20:42:03.326997,15.6,88.5,4.5
2021-11-02 20:42:03.326997,15.6,91.9,27.6
2021-11-03 20:42:03.326997,15.5,88.5,30.0
2021-11-04 20:42:03.326997,21.4,82.6,5.1
2021-11-05 20:42:03.326997,15.0,80.5,17.5
2021-11-06 20:42:03.326997,14.8,87.7,30.1
2021-11-07 20:42:03.326997,14.9,79.7,26.1
2021-11-08 20:42:03.326997,20.4,89.5,24.7
2021-11-09 20:42:03.326997,20.3,78.0,22.1
2021-11-10 20:42:03.326997,20.4,85.1,9.6
2021-11-11 20:42:03.326997,20.7,91.8,37.1
2021-11-12 20:42:03.326997,17.6,87.9,24.9
2021-11-13 20:42:03.326997,11.3,85.4,7.6
2021-11-14 20:42:03.326997,18.1,87.1,30.4
2021-11-15 20:42:03.326997,20.2,81.7,11.9
2021-11-16 20:42:03.326997,14.2,80.2,19.6
2021-11-17 20:42:03.326997,18.1,91.0,37.2
2021-11-18 20:42:03.326997,18.1,83.3,34.5
2021-11-19 20:42:03.326997,14.8,84.9,12.7
2021-11-20 20:42:03.326997,20.0,76.0,24.3
2021-11-21 20:42:03.326997,15.5,83.0,38.7
2021-11-22 20:42:03.326997,20.7,78.8,25.0
2021-11-23 20:42:03.326997,24.8,90.1,37.8
2021-11-24 20:42:03.326997,15.1,86.3,34.0
2021-11-25 20:42:03.326997,22.7,72.2,34.7
2021-11-26 20:42:03.326997,20.3,79.0,20.1
2021-11-27 20:42:03.326997,21.3,82.9,15.9
2021-11-28 20:42:03.326997,18.4,89.0,27.7
2021-11-29 20:42:03.326997,23.1,80.4,16.6
2021-11-30 20:42:03.326997,18.6,93.1,38.7
2021-12-01 20:42:03.326997,18.7,80.5,6.3
2021-12-02 20:42:03.326997,23.8,82.7,14.0
2021-12-03 20:42:03.326997,19.4,90.6,10.0
2021-12-04 20:42:03.326997,20.4,91.1,28.1
2021-12-05 20:42:03.326997,18.8,79.5,28.2
2021-12-06 20:42:03.326997,17.7,73.0,39.4
2021-12-07 20:42:03.326997,22.6,84.1,3.1
2021-12-08 20:42:03.326997,17.2,70.5,8.6
2021-12-09 20:42:03.326997,23.3,74.7,14.0
2021-12-10 20:42:03.326997,25.9,68.9,19.9
2021-12-11 20:42:03.326997,18.9,80.7,38.5
2021-12-12 20:42:03.326997,20.8,87.1,39.5
2021-12-13 20:42:03.326997,24.9,85.1,12.2
2021-12-14 20:42:03.326997,22.4,83.1,20.2
2021-12-15 20:42:03.326997,18.8,72.2,8.5
2021-12-16 20:42:03.326997,23.6,90.1,30.4
2021-12-17 20:42:03.326997,18.1,86.0,10.1
2021-12-18 20:42:03.326997,21.2,94.0,5.6
2021-12-19 20:42:03.326997,27.8,74.7,18.1
2021-12-20 20:42:03.326997,26.9,80.2,37.2
2021-12-21 20:42:03.326997,21.5,80.9,6.1
2021-12-22 20:42:03.326997,20.9,82.9,7.2
2021-12-23 20:42:03.326997,25.9,69.4,23.1
2021-12-24 20:42:03.326997,22.4,77.5,11.6
2021-12-25 20:42:03.326997,19.8,75.6,39.5
2021-12-26 20:42:03.326997,22.8,82.1,14.5
2021-12-27 20:42:03.326997,22.4,69.4,7.3
2021-12-28 20:42:03.326997,24.9,64.5,19.6
2021-12-29 20:42:03.326997,28.5,78.3,24.7
2021-12-30 20:42:03.326997,21.2,79.4,30.7
2021-12-31 20:42:03.326997,25.2,75.0,17.8
2022-01-01 20:42:03.326997,19.3,68.3,35.9
2022-01-02 20:42:03.326997,20.3,74.7,9.6
2022-01-03 20:42:03.326997,19.9,73.7,21.4
2022-01-04 20:42:03.326997,23.7,78.6,28.2
2022-01-05 20:42:03.326997,27.2,77.3,20.9
2022-01-06 20:42:03.326997,23.3,79.3,28.8
2022-01-07 20:42:03.326997,28.3,80.0,30.2
2022-01-08 20:42:03.326997,22.0,71.9,15.1
2022-01-09 20:42:03.326997,24.9,70.1,8.6
2022-01-10 20:42:03.326997,20.7,75.0,14.8
2022-01-11 20:42:03.326997,26.5,79.2,14.1
2022-01-12 20:42:03.326997,27.2,68.0,34.4
2022-01-13 20:42:03.326997,23.2,73.7,30.9
2022-01-14 20:42:03.326997,23.8,68.8,38.7
2022-01-15 20:42:03.326997,22.7,63.9,19.8
2022-01-16 20:42:03.326997,27.0,74.9,7.9
2022-01-17 20:42:03.326997,27.2,82.0,9.1
2022-01-18 20:42:03.326997,21.9,68.0,23.5
2022-01-19 20:42:03.326997,24.1,68.7,9.4
2022-01-20 20:42:03.326997,24.1,77.5,3.4
2022-01-21 20:42:03.326997,26.2,76.3,38.0
2022-01-22 20:42:03.326997,27.0,68.7,22.2
2022-01-23 20:42:03.326997,22.7,64.3,17.5
2022-01-24 20:42:03.326997,33.3,79.8,30.4
2022-01-25 20:42:03.326997,24.1,62.4,17.6
2022-01-26 20:42:03.326997,24.5,66.4,26.4
2022-01-27 20:42:03.326997,29.3,72.2,30.9
2022-01-28 20:42:03.326997,26.9,59.3,7.6
2022-01-29 20:42:03.326997,27.2,50.5,31.5
2022-01-30 20:42:03.326997,24.9,65.4,2.7
2022-01-31 20:42:03.326997,19.2,52.0,29.8
2022-02-01 20:42:03.326997,26.6,70.0,26.9
2022-02-02 20:42:03.326997,25.6,72.1,25.9
2022-02-03 20:42:03.326997,23.5,67.8,31.9
2022-02-04 20:42:03.326997,24.0,66.5,3.9
2022-02-05 20:42:03.326997,28.3,66.1,9.5
2022-02-06 20:42:03.326997,29.1,68.3,14.2
2022-02-07 20:42:03.326997,29.5,74.1,23.4
2022-02-08 20:42:03.326997,24.4,65.6,7.6
2022-02-09 20:42:03.326997,24.5,66.5,25.6
2022-02-10 20:42:03.326997,21.2,52.1,5.0
2022-02-11 20:42:03.326997,27.9,69.0,19.7
2022-02-12 20:42:03.326997,22.9,62.1,26.5
2022-02-13 20:42:03.326997,26.6,61.6,6.6
2022-02-14 20:42:03.326997,22.8,68.1,13.2
2022-02-15 20:42:03.326997,17.1,64.1,4.3
2022-02-16 20:42:03.326997,26.0,60.0,7.6
2022-02-17 20:42:03.326997,26.1,57.0,12.8
2022-02-18 20:42:03.326997,22.4,59.3,5.9
2022-02-19 20:42:03.326997,25.7,68.4,7.3
2022-02-20 20:42:03.326997,28.3,67.3,2.5
2022-02-21 20:42:03.326997,24.1,61.8,9.4
2022-02-22 20:42:03.326997,25.4,62.9,8.4
2022-02-23 20:42:03.326997,25.6,60.5,20.0
2022-02-24 20:42:03.326997,25.5,63.3,6.8
2022-02-25 20:42:03.326997,18.1,55.8,3.2
2022-02-26 20:42:03.326997,24.3,70.0,13.8
2022-02-27 20:42:03.326997,21.1,58.3,7.6
2022-02-28 20:42:03.326997,20.0,64.1,13.3
2022-03-01 20:42:03.326997,22.0,54.9,11.9
2022-03-02 20:42:03.326997,26.0,53.5,11.8
2022-03-03 20:42:03.326997,20.8,56.4,21.8
2022-03-04 20:42:03.326997,25.7,64.2,32.1
2022-03-05 20:42:03.326997,22.2,54.2,16.1
2022-03-06 20:42:03.326997,21.8,62.1,2.1
2022-03-07 20:42:03.326997,21.6,53.8,8.2
2022-03-08 20:42:03.326997,22.0,58.3,26.4
2022-03-09 20:42:03.326997,24.6,58.1,39.0
2022-03-10 20:42:03.326997,22.2,57.9,20.6
2022-03-11 20:42:03.326997,14.3,60.6,36.2
2022-03-12 20:42:03.326997,25.6,53.8,19.6
2022-03-13 20:42:03.326997,23.2,64.0,30.2
2022-03-14 20:42:03.326997,20.5,63.6,7.8
2022-03-15 20:42:03.326997,15.2,58.9,25.5
2022-03-16 20:42:03.326997,25.4,65.3,16.7
2022-03-17 20:42:03.326997,22.4,58.9,23.6
2022-03-18 20:42:03.326997,23.5,60.5,24.1
2022-03-19 20:42:03.326997,20.2,51.4,25.7
2022-03-20 20:42:03.326997,23.4,51.5,7.4
2022-03-21 20:42:03.326997,14.7,50.0,7.1
2022-03-22 20:42:03.326997,21.6,58.8,18.2
2022-03-23 20:42:03.326997,20.8,55.0,16.9
2022-03-24 20:42:03.326997,24.0,51.8,29.7
2022-03-25 20:42:03.326997,16.4,51.3,23.0
2022-03-26 20:42:03.326997,18.4,54.1,21.9
2022-03-27 20:42:03.326997,17.5,55.1,3.1
2022-03-28 20:42:03.326997,18.4,57.8,33.2
2022-03-29 20:42:03.326997,16.2,50.3,5.3
2022-03-30 20:42:03.326997,20.5,59.2,19.8
2022-03-31 20:42:03.326997,22.8,60.2,37.5
2022-04-01 20:42:03.326997,15.8,57.5,11.8
2022-04-02 20:42:03.326997,17.8,56.5,17.9
2022-04-03 20:42:03.326997,16.5,58.9,35.2
2022-04-04 20:42:03.326997,20.0,64.5,30.0
2022-04-05 20:42:03.326997,23.4,63.9,24.5
2022-04-06 20:42:03.326997,15.9,53.1,11.1
2022-04-07 20:42:03.326997,17.9,52.7,19.3
2022-04-08 20:42:03.326997,13.4,48.3,19.3
2022-04-09 20:42:03.326997,19.1,45.3,19.2
2022-04-10 20:42:03.326997,13.4,66.6,36.3
2022-04-11 20:42:03.326997,15.3,61.1,35.4
2022-04-12 20:42:03.326997,21.9,50.2,33.1
2022-04-13 20:42:03.326997,13.2,57.7,26.3
2022-04-14 20:42:03.326997,17.4,52.3,24.1
2022-04-15 20:42:03.326997,18.8,48.3,37.9
2022-04-16 20:42:03.326997,13.1,63.1,39.8
2022-04-17 20:42:03.326997,15.6,55.0,15.1
2022-04-18 20:42:03.326997,13.1,59.2,26.2
2022-04-19 20:42:03.326997,15.2,61.4,18.8
2022-04-20 20:42:03.326997,14.0,56.6,21.0
2022-04-21 20:42:03.326997,18.4,61.9,39.2
2022-04-22 20:42:03.326997,15.8,54.4,10.7
2022-04-23 20:42:03.326997,12.0,58.9,15.3
2022-04-24 20:42:03.326997,18.2,58.6,30.0
2022-04-25 20:42:03.326997,15.9,65.3,10.5
2022-04-26 20:42:03.326997,19.6,51.4,14.8
2022-04-27 20:42:03.326997,22.3,58.8,15.5
2022-04-28 20:42:03.326997,13.2,59.3,25.7
2022-04-29 20:42:03.326997,17.9,58.0,26.0
2022-04-30 20:42:03.326997,13.9,65.2,37.3
2022-05-01 20:42:03.326997,12.5,59.1,13.0
2022-05-02 20:42:03.326997,10.4,54.4,38.6
2022-05-03 20:42:03.326997,12.3,52.1,25.3
2022-05-04 20:42:03.326997,11.9,64.7,17.7
2022-05-05 20:42:03.326997,12.7,48.5,35.0
2022-05-06 20:42:03.326997,15.7,59.1,19.6
2022-05-07 20:42:03.326997,15.3,52.5,2.1
2022-05-08 20:42:03.326997,10.2,50.2,23.8
2022-05-09 20:42:03.326997,9.3,60.0,14.9
2022-05-10 20:42:03.326997,13.5,49.1,4.0
2022-05-11 20:42:03.326997,10.2,62.1,18.6
2022-05-12 20:42:03.326997,10.5,58.9,3.3
2022-05-13 20:42:03.326997,10.0,56.7,38.3
2022-05-14 20:42:03.326997,13.1,54.4,24.7
2022-05-15 20:42:03.326997,15.2,55.9,36.6
2022-05-16 20:42:03.326997,9.0,55.7,6.8
2022-05-17 20:42:03.326997,12.3,50.9,38.8
2022-05-18 20:42:03.326997,7.8,55.7,26.4
2022-05-19 20:42:03.326997,11.0,53.0,32.0
2022-05-20 20:42:03.326997,8.0,55.5,34.6
2022-05-21 20:42:03.326997,7.2,52.1,10.6
2022-05-22 20:42:03.326997,9.2,58.5,18.9
2022-05-23 20:42:03.326997,4.0,44.9,28.0
2022-05-24 20:42:03.326997,7.3,65.7,22.5
2022-05-25 20:42:03.326997,9.1,61.4,3.8
2022-05-26 20:42:03.326997,11.4,63.3,37.8
2022-05-27 20:42:03.326997,10.3,53.9,18.8
2022-05-28 20:42:03.326997,9.0,60.2,23.0
2022-05-29 20:42:03.326997,8.6,62.7,9.0
2022-05-30 20:42:03.326997,8.8,62.2,20.5
2022-05-31 20:42:03.326997,13.1,64.3,35.2
2022-06-01 20:42:03.326997,10.7,57.8,12.4
2022-06-02 20:42:03.326997,9.4,53.6,28.4
2022-06-03 20:42:03.326997,12.2,67.3,18.5
2022-06-04 20:42:03.326997,11.2,56.5,7.5
2022-06-05 20:42:03.326997,4.5,55.7,5.0
2022-06-06 20:42:03.326997,7.7,63.6,20.8
2022-06-07 20:42:03.326997,9.0,67.0,37.6
2022-06-08 20:42:03.326997,10.1,65.8,35.9
2022-06-09 20:42:03.326997,7.1,68.9,34.0
2022-06-10 20:42:03.326997,12.6,64.4,22.5
2022-06-11 20:42:03.326997,6.0,64.1,37.3
2022-06-12 20:42:03.326997,5.8,54.9,32.3
2022-06-13 20:42:03.326997,-1.5,54.6,2.7
2022-06-14 20:42:03.326997,8.1,63.2,4.0
2022-06-15 20:42:03.326997,3.9,60.0,29.2
2022-06-16 20:42:03.326997,7.3,57.8,26.9
2022-06-17 20:42:03.326997,5.2,61.4,5.9
2022-06-18 20:42:03.326997,9.0,56.9,4.2
2022-06-19 20:42:03.326997,4.7,62.4,5.8
2022-06-20 20:42:03.326997,8.1,66.1,39.2
2022-06-21 20:42:03.326997,11.2,58.9,20.3
2022-06-22 20:42:03.326997,10.0,64.0,24.8
2022-06-23 20:42:03.326997,3.9,60.3,18.3
2022-06-24 20:42:03.326997,4.9,61.2,28.9
2022-06-25 20:42:03.326997,-0.2,58.5,3.4
2022-06-26 20:42:03.326997,9.4,59.9,28.0
2022-06-27 20:42:03.326997,3.8,61.6,10.4
2022-06-28 20:42:03.326997,9.4,66.4,36.1
2022-06-29 20:42:03.326997,-0.0,59.5,29.2
2022-06-30 20:42:03.326997,4.2,61.8,22.5
2022-07-01 20:42:03.326997,1.6,61.1,28.8
2022-07-02 20:42:03.326997,7.5,68.3,28.6
2022-07-03 20:42:03.326997,0.6,66.3,26.2
2022-07-04 20:42:03.326997,6.5,67.4,4.3
2022-07-05 20:42:03.326997,6.2,58.3,3.6
2022-07-06 20:42:03.326997,3.5,62.7,10.3
2022-07-07 20:42:03.326997,10.6,71.6,33.6
2022-07-08 20:42:03.326997,8.3,60.8,22.1
2022-07-09 20:42:03.326997,8.5,70.9,16.9
2022-07-10 20:42:03.326997,7.2,68.2,14.9
2022-07-11 20:42:03.326997,4.5,70.1,12.0
2022-07-12 20:42:03.326997,9.9,63.3,21.7
2022-07-13 20:42:03.326997,-2.5,76.9,19.0
2022-07-14 20:42:03.326997,8.8,70.0,31.3
2022-07-15 20:42:03.326997,8.1,66.8,31.2
2022-07-16 20:42:03.326997,6.8,74.7,22.9
2022-07-17 20:42:03.326997,8.8,70.7,22.9
2022-07-18 20:42:03.326997,4.3,61.7,17.3
2022-07-19 20:42:03.326997,-1.4,66.8,8.4
2022-07-20 20:42:03.326997,6.8,70.5,4.1
2022-07-21 20:42:03.326997,3.7,70.4,35.0
2022-07-22 20:42:03.326997,-2.3,62.3,15.5
2022-07-23 20:42:03.326997,4.7,74.3,36.1
2022-07-24 20:42:03.326997,5.1,72.7,7.0
2022-07-25 20:42:03.326997,5.5,69.2,2.7
2022-07-26 20:42:03.326997,7.4,72.5,21.9
2022-07-27 20:42:03.326997,6.3,61.3,21.7
2022-07-28 20:42:03.326997,8.0,73.4,9.6
2022-07-29 20:42:03.326997,3.3,75.1,28.0
2022-07-30 20:42:03.326997,5.4,80.0,32.5
2022-07-31 20:42:03.326997,3.6,63.8,17.0
2022-08-01 20:42:03.326997,7.2,70.1,21.1
2022-08-02 20:42:03.326997,9.4,79.7,5.8
2022-08-03 20:42:03.326997,6.7,64.8,13.0
2022-08-04 20:42:03.326997,4.6,79.0,39.1
2022-08-05 20:42:03.326997,3.8,79.3,17.6
2022-08-06 20:42:03.326997,10.8,69.4,18.0
2022-08-07 20:42:03.326997,5.3,75.2,29.8
2022-08-08 20:42:03.326997,9.1,77.7,39.9
2022-08-09 20:42:03.326997,1.9,68.7,27.8
2022-08-10 20:42:03.326997,6.6,75.5,3.3
2022-08-11 20:42:03.326997,4.4,76.2,25.9
2022-08-12 20:42:03.326997,13.0,76.0,39.9
2022-08-13 20:42:03.326997,6.8,78.1,13.1
2022-08-14 20:42:03.326997,5.3,80.4,36.2
2022-08-15 20:42:03.326997,7.5,76.7,2.5
2022-08-16 20:42:03.326997,5.8,72.7,10.8
2022-08-17 20:42:03.326997,6.3,80.2,3.0
2022-08-18 20:42:03.326997,0.7,71.6,9.7
2022-08-19 20:42:03.326997,6.4,77.7,28.6
2022-08-20 20:42:03.326997,7.1,74.6,19.9
2022-08-21 20:42:03.326997,5.3,70.0,25.9
2022-08-22 20:42:03.326997,10.9,83.3,11.1
2022-08-23 20:42:03.326997,8.3,77.6,39.4
2022-08-24 20:42:03.326997,8.1,76.2,36.7
2022-08-25 20:42:03.326997,4.2,77.9,4.7
2022-08-26 20:42:03.326997,3.1,80.3,37.6
2022-08-27 20:42:03.326997,7.1,78.2,31.5
2022-08-28 20:42:03.326997,10.3,68.7,35.3
2022-08-29 20:42:03.326997,8.8,82.7,38.9
2022-08-30 20:42:03.326997,5.4,71.5,18.2
2022-08-31 20:42:03.326997,10.1,80.9,23.0
2022-09-01 20:42:03.326997,6.1,84.6,21.8
2022-09-02 20:42:03.326997,9.2,78.0,5.0
2022-09-03 20:42:03.326997,5.8,77.5,39.8
2022-09-04 20:42:03.326997,5.4,76.6,2.0
2022-09-05 20:42:03.326997,5.5,80.3,6.6
2022-09-06 20:42:03.326997,7.2,85.1,30.3
2022-09-07 20:42:03.326997,3.8,75.5,21.9
2022-09-08 20:42:03.326997,10.9,88.4,32.3
2022-09-09 20:42:03.326997,4.2,76.8,15.8
2022-09-10 20:42:03.326997,7.7,80.5,19.3
2022-09-11 20:42:03.326997,9.9,83.6,18.3
2022-09-12 20:42:03.326997,12.4,89.2,26.2
2022-09-13 20:42:03.326997,7.5,81.0,34.3
2022-09-14 20:42:03.326997,10.8,82.3,3.1
2022-09-15 20:42:03.326997,10.8,84.0,24.8
2022-09-16 20:42:03.326997,9.8,79.0,5.1
2022-09-17 20:42:03.326997,1.5,85.9,15.7
2022-09-18 20:42:03.326997,14.2,81.9,9.8
2022-09-19 20:42:03.326997,9.1,79.0,24.9
2022-09-20 20:42:03.326997,9.9,84.4,9.8
2022-09-21 20:42:03.326997,8.7,84.1,19.1
2022-09-22 20:42:03.326997,8.9,86.0,21.9
2022-09-23 20:42:03.326997,11.1,84.2,16.8
2022-09-24 20:42:03.326997,13.2,90.5,9.3
2022-09-25 20:42:03.326997,15.8,83.2,14.1
2022-09-26 20:42:03.326997,11.6,82.3,28.6
2022-09-27 20:42:03.326997,14.7,95.2,29.5
2022-09-28 20:42:03.326997,6.9,80.0,14.1
2022-09-29 20:42:03.326997,8.7,92.9,21.8
2022-09-30 20:42:03.326997,9.8,83.4,14.0
2022-10-01 20:42:03.326997,9.4,78.9,35.6
2022-10-02 20:42:03.326997,10.8,86.5,4.6
2022-10-03 20:42:03.326997,10.3,90.7,5.8
2022-10-04 20:42:03.326997,11.3,80.4,4.2
2022-10-05 20:42:03.326997,9.7,88.1,29.9
2022-10-06 20:42:03.326997,11.4,77.9,29.1
2022-10-07 20:42:03.326997,12.8,88.2,34.5
2022-10-08 20:42:03.326997,12.8,81.7,16.3
2022-10-09 20:42:03.326997,9.8,82.1,34.7
2022-10-10 20:42:03.326997,11.2,93.1,7.0
2022-10-11 20:42:03.326997,14.0,86.0,11.5
2022-10-12 20:42:03.326997,14.8,87.4,29.7
2022-10-13 20:42:03.326997,15.7,78.9,32.7
2022-10-14 20:42:03.326997,13.5,91.5,26.9
2022-10-15 20:42:03.326997,10.3,84.6,27.1
2022-10-16 20:42:03.326997,16.3,88.9,28.8
2022-10-17 20:42:03.326997,11.8,82.7,28.9
2022-10-18 20:42:03.326997,10.3,80.3,13.1
2022-10-19 20:42:03.326997,15.2,80.3,5.7
2022-10-20 20:42:03.326997,13.7,88.6,9.7
2022-10-21 20:42:03.326997,12.9,82.9,27.4
2022-10-22 20:42:03.326997,13.7,93.2,15.2
2022-10-23 20:42:03.326997,16.7,85.4,3.8
2022-10-24 20:42:03.326997,16.6,86.5,36.8
2022-10-25 20:42:03.326997,14.8,75.6,32.6
2022-10-26 20:42:03.326997,17.7,80.9,29.3
2022-10-27 20:42:03.326997,13.4,79.7,25.8
2022-10-28 20:42:03.326997,15.0,81.7,14.0
2022-10-29 20:42:03.326997,11.8,89.1,38.8
2022-10-30 20:42:03.326997,16.6,74.8,36.9
2022-10-31 20:42:03.326997,15.4,87.4,4.1
2022-11-01 20:42:03.326997,15.8,94.1,26.8
2022-11-02 20:42:03.326997,12.8,81.1,19.9
2022-11-03 20:42:03.326997,15.0,89.5,31.2
2022-11-04 20:42:03.326997,15.2,86.1,5.7
2022-11-05 20:42:03.326997,15.7,82.2,19.9
2022-11-06 20:42:03.326997,17.5,93.9,32.9
2022-11-07 20:42:03.326997,15.7,84.7,35.9
2022-11-08 20:42:03.326997,17.7,83.7,13.4
2022-11-09 20:42:03.326997,16.9,85.2,36.1
2022-11-10 20:42:03.326997,21.7,77.4,19.7
2022-11-11 20:42:03.326997,19.5,88.2,15.2
2022-11-12 20:42:03.326997,20.6,90.3,33.7
2022-11-13 20:42:03.326997,17.0,82.5,32.8
2022-11-14 20:42:03.326997,19.7,79.9,2.0
2022-11-15 20:42:03.326997,19.3,81.7,21.5
2022-11-16 20:42:03.326997,17.9,77.9,11.6
2022-11-17 20:42:03.326997,21.5,80.0,28.0
2022-11-18 20:42:03.326997,23.2,84.8,15.4
2022-11-19 20:42:03.326997,18.2,87.3,11.9
2022-11-20 20:42:03.326997,16.9,88.1,15.1
2022-11-21 20:42:03.326997,18.4,80.3,22.4
2022-11-22 20:42:03.326997,21.1,84.0,4.3
2022-11-23 20:42:03.326997,18.5,81.9,33.1
2022-11-24 20:42:03.326997,17.6,82.7,18.3
2022-11-25 20:42:03.326997,22.7,85.1,7.0
2022-11-26 20:42:03.326997,26.9,83.6,19.9
2022-11-27 20:42:03.326997,23.9,83.8,12.7
2022-11-28 20:42:03.326997,22.4,81.5,29.3
2022-11-29 20:42:03.326997,23.5,84.0,12.9
2022-11-30 20:42:03.326997,19.5,85.6,33.1
2022-12-01 20:42:03.326997,26.0,89.1,34.5
2022-12-02 20:42:03.326997,22.5,78.5,12.3
2022-12-03 20:42:03.326997,15.8,76.3,13.7
2022-12-04 20:42:03.326997,29.3,82.6,34.9
2022-12-05 20:42:03.326997,22.3,78.1,4.2
2022-12-06 20:42:03.326997,19.9,86.3,3.6
2022-12-07 20:42:03.326997,21.2,81.3,29.2
2022-12-08 20:42:03.326997,19.6,86.0,19.5
2022-12-09 20:42:03.326997,26.7,86.6,16.8
2022-12-10 20:42:03.326997,23.3,80.2,7.4
2022-12-11 20:42:03.326997,21.0,85.3,14.5
2022-12-12 20:42:03.326997,20.3,80.5,16.2
2022-12-13 20:42:03.326997,18.3,81.6,33.8
2022-12-14 20:42:03.326997,24.9,77.4,21.0
2022-12-15 20:42:03.326997,26.7,75.3,38.3
2022-12-16 20:42:03.326997,17.5,75.9,6.1
2022-12-17 20:42:03.326997,24.0,77.5,13.0
2022-12-18 20:42:03.326997,22.8,80.5,28.7
2022-12-19 20:42:03.326997,23.7,83.5,13.5
2022-12-20 20:42:03.326997,22.1,83.2,24.3
2022-12-21 20:42:03.326997,23.1,79.6,24.1
2022-12-22 20:42:03.326997,30.1,76.8,14.1
2022-12-23 20:42:03.326997,27.0,78.7,28.7
2022-12-24 20:42:03.326997,21.0,73.1,14.0
2022-12-25 20:42:03.326997,21.6,74.1,28.4
2022-12-26 20:42:03.326997,16.2,81.5,15.5
2022-12-27 20:42:03.326997,27.0,71.7,10.7
2022-12-28 20:42:03.326997,23.8,81.1,24.3
2022-12-29 20:42:03.326997,28.2,79.6,31.4
2022-12-30 20:42:03.326997,24.6,80.4,38.8
2022-12-31 20:42:03.326997,23.6,72.3,9.4
2023-01-01 20:42:03.326997,27.8,81.1,4.6
2023-01-02 20:42:03.326997,21.3,70.5,15.1
2023-01-03 20:42:03.326997,24.9,70.1,6.7
2023-01-04 20:42:03.326997,25.2,68.2,19.1
2023-01-05 20:42:03.326997,21.1,71.8,12.8
2023-01-06 20:42:03.326997,24.2,66.7,7.1
2023-01-07 20:42:03.326997,24.5,72.6,4.2
2023-01-08 20:42:03.326997,28.1,70.5,7.9
2023-01-09 20:42:03.326997,24.1,70.6,20.8
2023-01-10 20:42:03.326997,28.6,67.5,34.8
2023-01-11 20:42:03.326997,25.0,82.4,9.7
2023-01-12 20:42:03.326997,15.4,74.2,20.2
2023-01-13 20:42:03.326997,34.8,74.6,18.5
2023-01-14 20:42:03.326997,24.7,69.3,32.4
2023-01-15 20:42:03.326997,22.4,64.9,2.3
2023-01-16 20:42:03.326997,24.8,80.0,20.5
2023-01-17 20:42:03.326997,24.0,77.5,36.7
2023-01-18 20:42:03.326997,25.1,77.3,36.2
2023-01-19 20:42:03.326997,26.9,70.1,38.2
2023-01-20 20:42:03.326997,26.0,69.7,4.5
2023-01-21 20:42:03.326997,27.6,71.2,35.4
2023-01-22 20:42:03.326997,24.5,71.0,21.8
2023-01-23 20:42:03.326997,21.6,76.3,11.8
2023-01-24 20:42:03.326997,23.8,73.1,3.0
2023-01-25 20:42:03.326997,24.5,67.2,13.3
2023-01-26 20:42:03.326997,18.5,60.5,36.4
2023-01-27 20:42:03.326997,26.8,70.9,33.6
2023-01-28 20:42:03.326997,27.6,68.5,36.6
2023-01-29 20:42:03.326997,24.8,67.5,4.2
2023-01-30 20:42:03.326997,26.8,70.6,40.0
2023-01-31 20:42:03.326997,27.8,66.1,19.7
2023-02-01 20:42:03.326997,21.6,66.9,33.2
2023-02-02 20:42:03.326997,23.6,56.4,30.2
2023-02-03 20:42:03.326997,28.8,70.6,4.2
2023-02-04 20:42:03.326997,25.2,67.5,33.8
2023-02-05 20:42:03.326997,24.5,71.8,33.7
2023-02-06 20:42:03.326997,22.5,59.4,39.6
2023-02-07 20:42:03.326997,23.6,72.8,24.1
2023-02-08 20:42:03.326997,21.8,68.7,14.7
2023-02-09 20:42:03.326997,22.6,61.9,10.9
2023-02-10 20:42:03.326997,27.4,71.3,30.9
2023-02-11 20:42:03.326997,27.6,69.2,38.6
2023-02-12 20:42:03.326997,24.4,71.0,27.2
2023-02-13 20:42:03.326997,19.8,67.6,9.8
2023-02-14 20:42:03.326997,24.3,66.2,7.5
2023-02-15 20:42:03.326997,29.0,67.0,28.5
2023-02-16 20:42:03.326997,27.9,58.3,26.2
2023-02-17 20:42:03.326997,22.6,65.8,26.5
2023-02-18 20:42:03.326997,23.5,63.2,30.9
2023-02-19 20:42:03.326997,21.6,54.8,5.6
2023-02-20 20:42:03.326997,18.6,60.6,35.3
2023-02-21 20:42:03.326997,25.1,61.2,40.0
2023-02-22 20:42:03.326997,24.0,57.9,14.7
2023-02-23 20:42:03.326997,21.2,69.4,25.9
2023-02-24 20:42:03.326997,20.8,57.0,33.3
2023-02-25 20:42:03.326997,22.3,62.6,31.8
2023-02-26 20:42:03.326997,18.5,63.6,37.0
2023-02-27 20:42:03.326997,25.2,62.1,14.3
2023-02-28 20:42:03.326997,24.9,55.4,24.1
2023-03-01 20:42:03.326997,24.5,56.0,39.0
2023-03-02 20:42:03.326997,19.8,56.8,9.1
2023-03-03 20:42:03.326997,19.2,56.9,15.6
2023-03-04 20:42:03.326997,17.8,58.3,9.3
2023-03-05 20:42:03.326997,19.6,53.2,9.6
2023-03-06 20:42:03.326997,23.3,60.7,29.3
2023-03-07 20:42:03.326997,22.6,66.8,17.9
2023-03-08 20:42:03.326997,25.5,65.2,30.2
2023-03-09 20:42:03.326997,22.9,61.7,19.2
2023-03-10 20:42:03.326997,23.6,57.5,23.7
2023-03-11 20:42:03.326997,19.6,46.5,33.1
2023-03-12 20:42:03.326997,25.9,52.3,19.1
2023-03-13 20:42:03.326997,21.2,66.4,23.1
2023-03-14 20:42:03.326997,17.1,60.2,37.6
2023-03-15 20:42:03.326997,20.1,60.9,29.4
2023-03-16 20:42:03.326997,18.6,60.6,35.0
2023-03-17 20:42:03.326997,19.1,61.4,22.4
2023-03-18 20:42:03.326997,24.4,52.7,32.4
2023-03-19 20:42:03.326997,23.3,60.5,32.0
2023-03-20 20:42:03.326997,19.0,57.1,22.3
2023-03-21 20:42:03.326997,21.5,58.8,27.6
2023-03-22 20:42:03.326997,19.6,54.1,34.8
2023-03-23 20:42:03.326997,20.3,57.2,34.6
2023-03-24 20:42:03.326997,22.6,58.6,11.5
2023-03-25 20:42:03.326997,25.0,55.3,12.0
2023-03-26 20:42:03.326997,13.7,64.6,14.6
2023-03-27 20:42:03.326997,18.2,50.4,36.6
2023-03-28 20:42:03.326997,19.4,55.5,16.8
2023-03-29 20:42:03.326997,20.1,57.5,31.6
2023-03-30 20:42:03.326997,18.8,56.8,18.4
2023-03-31 20:42:03.326997,16.3,58.9,9.7
2023-04-01 20:42:03.326997,15.8,52.5,21.8
2023-04-02 20:42:03.326997,14.8,65.7,29.7
2023-04-03 20:42:03.326997,18.0,51.0,35.8
2023-04-04 20:42:03.326997,19.6,48.9,4.4
2023-04-05 20:42:03.326997,10.4,67.0,24.8
2023-04-06 20:42:03.326997,19.0,59.5,9.2
2023-04-07 20:42:03.326997,18.2,60.2,8.1
2023-04-08 20:42:03.326997,18.8,49.0,19.7
2023-04-09 20:42:03.326997,14.0,54.9,13.1
2023-04-10 20:42:03.326997,18.6,59.6,39.5
2023-04-11 20:42:03.326997,16.6,55.9,4.8
2023-04-12 20:42:03.326997,18.1,50.9,38.3
2023-04-13 20:42:03.326997,18.5,47.5,34.9
2023-04-14 20:42:03.326997,19.7,46.4,34.6
2023-04-15 20:42:03.326997,15.3,55.4,27.0
2023-04-16 20:42:03.326997,15.4,61.5,38.6
2023-04-17 20:42:03.326997,20.4,58.4,15.2
2023-04-18 20:42:03.326997,15.0,49.7,25.3
2023-04-19 20:42:03.326997,10.9,53.4,34.3
2023-04-20 20:42:03.326997,13.9,54.7,25.0
2023-04-21 20:42:03.326997,16.5,55.3,14.2
2023-04-22 20:42:03.326997,16.2,57.6,27.0
2023-04-23 20:42:03.326997,17.8,61.1,35.5
2023-04-24 20:42:03.326997,10.1,51.0,5.6
2023-04-25 20:42:03.326997,14.1,56.9,5.8
2023-04-26 20:42:03.326997,10.4,56.7,18.0
2023-04-27 20:42:03.326997,17.1,56.3,2.6
2023-04-28 20:42:03.326997,16.5,47.0,20.8
2023-04-29 20:42:03.326997,18.5,64.5,29.1
2023-04-30 20:42:03.326997,12.9,55.0,33.0
2023-05-01 20:42:03.326997,19.0,46.6,21.9
2023-05-02 20:42:03.326997,12.6,59.2,39.8
2023-05-03 20:42:03.326997,17.9,53.4,5.4
2023-05-04 20:42:03.326997,13.1,56.4,9.1
2023-05-05 20:42:03.326997,12.6,57.1,26.9
2023-05-06 20:42:03.326997,11.0,50.8,31.7
2023-05-07 20:42:03.326997,10.6,47.0,27.5
2023-05-08 20:42:03.326997,9.8,50.9,26.6
2023-05-09 20:42:03.326997,7.6,48.4,6.5
2023-05-10 20:42:03.326997,11.7,61.1,3.8
2023-05-11 20:42:03.326997,10.4,44.8,4.2
2023-05-12 20:42:03.326997,13.3,51.0,12.7
2023-05-13 20:42:03.326997,15.3,56.0,18.7
2023-05-14 20:42:03.326997,11.0,66.8,7.0
2023-05-15 20:42:03.326997,13.1,55.2,10.9
2023-05-16 20:42:03.326997,13.0,49.1,27.7
2023-05-17 20:42:03.326997,10.9,58.3,21.4
2023-05-18 20:42:03.326997,12.3,58.6,4.1
2023-05-19 20:42:03.326997,10.7,56.8,27.5
2023-05-20 20:42:03.326997,14.1,62.3,10.4
2023-05-21 20:42:03.326997,8.3,55.8,22.4
2023-05-22 20:42:03.326997,7.5,47.0,30.1
2023-05-23 20:42:03.326997,13.8,50.7,9.7
2023-05-24 20:42:03.326997,4.4,46.5,14.9
2023-05-25 20:42:03.326997,12.7,54.2,28.0
2023-05-26 20:42:03.326997,9.2,59.7,35.1
2023-05-27 20:42:03.326997,12.7,61.0,6.9
2023-05-28 20:42:03.326997,14.4,59.4,8.2
2023-05-29 20:42:03.326997,12.2,58.9,38.7
2023-05-30 20:42:03.326997,6.1,51.0,7.6
2023-05-31 20:42:03.326997,9.9,57.5,19.5
2023-06-01 20:42:03.326997,6.5,65.4,26.1
2023-06-02 20:42:03.326997,7.3,50.5,4.0
2023-06-03 20:42:03.326997,9.7,63.2,35.8
2023-06-04 20:42:03.326997,12.7,60.0,27.2
2023-06-05 20:42:03.326997,6.9,57.3,2.6
2023-06-06 20:42:03.326997,6.7,55.8,24.4
2023-06-07 20:42:03.326997,4.5,57.3,20.0
2023-06-08 20:42:03.326997,11.7,50.0,27.0
2023-06-09 20:42:03.326997,14.0,63.9,15.4
2023-06-10 20:42:03.326997,6.4,56.0,18.6
2023-06-11 20:42:03.326997,6.4,53.0,37.5
2023-06-12 20:42:03.326997,13.7,61.9,33.6
2023-06-13 20:42:03.326997,10.6,64.6,6.2
2023-06-14 20:42:03.326997,6.8,58.0,21.4
2023-06-15 20:42:03.326997,5.4,62.6,39.4
2023-06-16 20:42:03.326997,8.7,68.3,37.9
2023-06-17 20:42:03.326997,6.6,66.9,17.5
2023-06-18 20:42:03.326997,11.1,65.4,28.1
2023-06-19 20:42:03.326997,6.5,63.2,21.9
2023-06-20 20:42:03.326997,7.4,59.7,11.9
2023-06-21 20:42:03.326997,9.2,61.4,11.1
2023-06-22 20:42:03.326997,5.8,58.1,7.9
2023-06-23 20:42:03.326997,11.4,64.7,25.1
2023-06-24 20:42:03.326997,14.7,62.3,14.7
2023-06-25 20:42:03.326997,1.3,59.0,33.2
2023-06-26 20:42:03.326997,2.6,57.0,8.8
2023-06-27 20:42:03.326997,7.7,63.6,5.5
2023-06-28 20:42:03.326997,2.0,62.6,17.5
2023-06-29 20:42:03.326997,9.2,70.2,24.2
2023-06-30 20:42:03.326997,1.5,65.9,24.3
2023-07-01 20:42:03.326997,5.6,59.0,26.6
2023-07-02 20:42:03.326997,4.2,61.4,17.5
2023-07-03 20:42:03.326997,3.4,59.3,31.6
2023-07-04 20:42:03.326997,9.3,64.7,11.4
2023-07-05 20:42:03.326997,5.4,72.2,3.2
2023-07-06 20:42:03.326997,4.5,65.1,35.5
2023-07-07 20:42:03.326997,2.8,65.1,23.5
2023-07-08 20:42:03.326997,11.2,65.4,31.0
2023-07-09 20:42:03.326997,4.9,73.1,11.4
2023-07-10 20:42:03.326997,3.0,68.8,29.2
2023-07-11 20:42:03.326997,7.7,74.7,34.6
2023-07-12 20:42:03.326997,6.6,67.6,30.9
2023-07-13 20:42:03.326997,3.0,59.0,11.1
2023-07-14 20:42:03.326997,9.2,62.2,14.6
2023-07-15 20:42:03.326997,2.9,67.1,25.5
2023-07-16 20:42:03.326997,7.0,64.2,9.8
2023-07-17 20:42:03.326997,6.5,64.4,21.5
2023-07-18 20:42:03.326997,6.4,71.5,9.8
2023-07-19 20:42:03.326997,-0.6,73.4,21.1
2023-07-20 20:42:03.326997,-0.7,67.0,17.0
2023-07-21 20:42:03.326997,4.6,76.3,12.4
2023-07-22 20:42:03.326997,5.7,64.6,9.1
2023-07-23 20:42:03.326997,3.9,66.2,14.6
2023-07-24 20:42:03.326997,4.9,74.4,22.1
2023-07-25 20:42:03.326997,8.3,69.3,34.4
2023-07-26 20:42:03.326997,4.4,62.1,25.1
2023-07-27 20:42:03.326997,2.1,61.6,39.1
2023-07-28 20:42:03.326997,3.5,74.1,15.9
2023-07-29 20:42:03.326997,1.3,68.5,25.4
2023-07-30 20:42:03.326997,8.3,71.8,37.8
2023-07-31 20:42:03.326997,4.6,70.4,20.0
2023-08-01 20:42:03.326997,3.4,73.7,31.1
2023-08-02 20:42:03.326997,1.9,69.7,22.5
2023-08-03 20:42:03.326997,4.9,67.8,36.4
2023-08-04 20:42:03.326997,7.4,75.0,19.0
2023-08-05 20:42:03.326997,8.0,63.5,34.1
2023-08-06 20:42:03.326997,2.7,64.8,21.3
2023-08-07 20:42:03.326997,2.1,65.8,7.7
2023-08-08 20:42:03.326997,5.7,76.0,5.2
2023-08-09 20:42:03.326997,6.7,75.5,25.2
2023-08-10 20:42:03.326997,11.9,66.8,24.6
2023-08-11 20:42:03.326997,7.0,74.3,3.8
2023-08-12 20:42:03.326997,7.7,80.5,26.1
2023-08-13 20:42:03.326997,8.1,71.4,33.8
2023-08-14 20:42:03.326997,2.1,69.0,26.1
2023-08-15 20:42:03.326997,2.3,68.8,7.9
2023-08-16 20:42:03.326997,6.9,74.3,6.8
2023-08-17 20:42:03.326997,3.7,79.0,4.3
2023-08-18 20:42:03.326997,10.9,76.6,9.8
2023-08-19 20:42:03.326997,9.0,76.6,18.2
2023-08-20 20:42:03.326997,3.3,88.2,18.2
2023-08-21 20:42:03.326997,7.7,85.3,21.1
2023-08-22 20:42:03.326997,5.9,78.9,35.9
2023-08-23 20:42:03.326997,3.7,67.8,15.9
2023-08-24 20:42:03.326997,8.3,70.5,30.7
2023-08-25 20:42:03.326997,9.6,75.0,15.3
2023-08-26 20:42:03.326997,11.1,68.6,5.6
2023-08-27 20:42:03.326997,6.4,87.2,24.5
2023-08-28 20:42:03.326997,2.7,71.0,18.3
2023-08-29 20:42:03.326997,5.4,81.9,22.8
2023-08-30 20:42:03.326997,6.6,75.6,27.4
2023-08-31 20:42:03.326997,9.5,74.3,30.7
2023-09-01 20:42:03.326997,5.4,73.5,18.0
2023-09-02 20:42:03.326997,7.7,72.6,30.3
2023-09-03 20:42:03.326997,9.9,79.2,28.2
2023-09-04 20:42:03.326997,9.5,88.1,12.2
2023-09-05 20:42:03.326997,9.8,85.3,28.9
2023-09-06 20:42:03.326997,10.0,81.4,5.9
2023-09-07 20:42:03.326997,5.1,82.3,36.6
2023-09-08 20:42:03.326997,9.3,75.7,37.0
2023-09-09 20:42:03.326997,6.8,80.2,20.9
2023-09-10 20:42:03.326997,10.1,87.5,20.1
2023-09-11 20:42:03.326997,9.6,81.2,6.6
2023-09-12 20:42:03.326997,11.4,72.8,33.9
2023-09-13 20:42:03.326997,6.5,86.7,9.0
2023-09-14 20:42:03.326997,8.2,77.6,4.1
2023-09-15 20:42:03.326997,7.6,75.6,36.3
2023-09-16 20:42:03.326997,8.7,75.6,26.3
2023-09-17 20:42:03.326997,8.9,78.3,5.5
2023-09-18 20:42:03.326997,11.5,87.3,23.6
2023-09-19 20:42:03.326997,6.3,84.8,23.7
2023-09-20 20:42:03.326997,12.7,83.0,30.9
2023-09-21 20:42:03.326997,11.3,81.8,36.6
2023-09-22 20:42:03.326997,6.6,83.9,35.3
2023-09-23 20:42:03.326997,4.4,88.4,27.5
2023-09-24 20:42:03.326997,13.2,81.6,14.5
2023-09-25 20:42:03.326997,11.4,86.9,20.7
2023-09-26 20:42:03.326997,9.7,82.1,34.5
2023-09-27 20:42:03.326997,9.0,89.3,7.0
2023-09-28 20:42:03.326997,8.4,77.9,36.3
2023-09-29 20:42:03.326997,15.9,83.8,19.3
2023-09-30 20:42:03.326997,10.6,78.7,6.6
2023-10-01 20:42:03.326997,8.1,79.7,33.8
2023-10-02 20:42:03.326997,7.0,81.7,14.7
2023-10-03 20:42:03.326997,13.5,75.2,26.3
2023-10-04 20:42:03.326997,16.9,90.3,13.4
2023-10-05 20:42:03.326997,14.6,75.8,4.5
2023-10-06 20:42:03.326997,13.1,86.9,23.6
2023-10-07 20:42:03.326997,9.4,86.8,8.8
2023-10-08 20:42:03.326997,13.1,82.1,28.4
2023-10-09 20:42:03.326997,10.1,79.1,30.8
2023-10-10 20:42:03.326997,14.7,89.8,25.3
2023-10-11 20:42:03.326997,12.0,81.7,14.2
2023-10-12 20:42:03.326997,14.4,88.2,2.2
2023-10-13 20:42:03.326997,12.0,84.1,29.9
2023-10-14 20:42:03.326997,11.0,92.3,2.6
2023-10-15 20:42:03.326997,11.0,86.0,19.4
2023-10-16 20:42:03.326997,16.2,87.6,11.3
2023-10-17 20:42:03.326997,16.5,78.3,7.3
2023-10-18 20:42:03.326997,12.9,83.2,14.1
2023-10-19 20:42:03.326997,13.5,86.9,32.3
2023-10-20 20:42:03.326997,16.2,84.7,17.6
2023-10-21 20:42:03.326997,12.2,86.6,7.7
2023-10-22 20:42:03.326997,14.8,84.1,17.9
2023-10-23 20:42:03.326997,13.4,89.4,3.0
2023-10-24 20:42:03.326997,15.1,82.8,29.1
2023-10-25 20:42:03.326997,18.4,80.8,36.5
2023-10-26 20:42:03.326997,18.9,87.5,37.8
2023-10-27 20:42:03.326997,16.7,88.8,17.6
2023-10-28 20:42:03.326997,12.7,86.4,4.7
2023-10-29 20:42:03.326997,17.1,87.5,12.6
2023-10-30 20:42:03.326997,10.4,72.0,2.6
2023-10-31 20:42:03.326997,17.9,83.6,12.3
2023-11-01 20:42:03.326997,15.1,95.2,23.6
2023-11-02 20:42:03.326997,19.0,85.3,10.4
2023-11-03 20:42:03.326997,19.7,95.5,16.4
2023-11-04 20:42:03.326997,17.2,89.0,4.6
2023-11-05 20:42:03.326997,16.3,88.8,30.1
2023-11-06 20:42:03.326997,13.7,84.3,3.8
2023-11-07 20:42:03.326997,22.1,89.7,27.2
2023-11-08 20:42:03.326997,11.0,74.7,14.0
2023-11-09 20:42:03.326997,17.2,90.8,16.1
2023-11-10 20:42:03.326997,18.9,86.8,26.6
2023-11-11 20:42:03.326997,13.8,86.0,36.9
2023-11-12 20:42:03.326997,17.1,83.9,36.6
2023-11-13 20:42:03.326997,17.9,92.7,13.6
2023-11-14 20:42:03.326997,11.9,79.8,25.2
2023-11-15 20:42:03.326997,17.8,84.6,16.9
2023-11-16 20:42:03.326997,14.0,84.2,23.6
2023-11-17 20:42:03.326997,23.9,86.5,31.2
2023-11-18 20:42:03.326997,21.7,85.4,3.3
2023-11-19 20:42:03.326997,16.1,89.9,17.8
2023-11-20 20:42:03.326997,20.5,74.9,6.2
2023-11-21 20:42:03.326997,15.2,91.0,22.6
2023-11-22 20:42:03.326997,20.7,91.7,9.3
2023-11-23 20:42:03.326997,25.5,89.6,7.7
2023-11-24 20:42:03.326997,20.9,74.9,13.0
2023-11-25 20:42:03.326997,16.1,70.2,35.3
2023-11-26 20:42:03.326997,20.9,83.7,17.0
2023-11-27 20:42:03.326997,25.4,87.5,20.0
2023-11-28 20:42:03.326997,23.4,77.5,33.3
2023-11-29 20:42:03.326997,20.9,84.9,31.4
2023-11-30 20:42:03.326997,22.1,82.6,17.2
2023-12-01 20:42:03.326997,24.5,82.8,6.8
2023-12-02 20:42:03.326997,16.9,84.1,35.9
2023-12-03 20:42:03.326997,25.3,84.8,32.2
2023-12-04 20:42:03.326997,15.8,88.0,24.7
2023-12-05 20:42:03.326997,18.3,71.6,14.9
2023-12-06 20:42:03.326997,25.5,86.0,16.3
2023-12-07 20:42:03.326997,22.2,79.8,13.8
2023-12-08 20:42:03.326997,22.0,75.7,3.3
2023-12-09 20:42:03.326997,21.3,79.7,27.8
2023-12-10 20:42:03.326997,22.2,78.2,24.0
2023-12-11 20:42:03.326997,24.0,77.1,27.8
2023-12-12 20:42:03.326997,23.2,76.8,24.5
2023-12-13 20:42:03.326997,16.5,86.3,21.8
2023-12-14 20:42:03.326997,20.8,81.8,35.7
2023-12-15 20:42:03.326997,18.9,84.8,29.8
2023-12-16 20:42:03.326997,19.3,77.2,19.9
2023-12-17 20:42:03.326997,25.6,68.3,13.0
2023-12-18 20:42:03.326997,23.5,83.5,13.3
2023-12-19 20:42:03.326997,23.1,86.0,26.7
2023-12-20 20:42:03.326997,24.7,77.8,8.5
2023-12-21 20:42:03.326997,23.4,76.4,32.7
2023-12-22 20:42:03.326997,19.2,77.8,27.0
2023-12-23 20:42:03.326997,23.3,83.6,22.7
2023-12-24 20:42:03.326997,21.8,76.8,38.5
2023-12-25 20:42:03.326997,20.2,77.3,12.2
2023-12-26 20:42:03.326997,28.2,83.6,31.2
2023-12-27 20:42:03.326997,24.0,68.8,39.3
2023-12-28 20:42:03.326997,21.9,81.0,26.2
2023-12-29 20:42:03.326997,23.4,80.2,2.7
2023-12-30 20:42:03.326997,23.1,73.8,19.3
2023-12-31 20:42:03.326997,25.4,82.5,33.5
2024-01-01 20:42:03.326997,23.8,81.8,26.7
2024-01-02 20:42:03.326997,18.5,75.3,21.3
2024-01-03 20:42:03.326997,24.9,70.3,9.8
2024-01-04 20:42:03.326997,22.2,73.9,23.1
2024-01-05 20:42:03.326997,24.3,69.7,29.6
2024-01-06 20:42:03.326997,20.7,72.4,35.2
2024-01-07 20:42:03.326997,25.4,74.7,2.4
2024-01-08 20:42:03.326997,26.6,80.4,35.0
2024-01-09 20:42:03.326997,24.8,75.7,7.4
2024-01-10 20:42:03.326997,19.5,77.2,27.5
2024-01-11 20:42:03.326997,24.6,80.7,28.8
2024-01-12 20:42:03.326997,25.6,81.1,16.0
2024-01-13 20:42:03.326997,21.9,73.9,9.5
2024-01-14 20:42:03.326997,27.5,65.7,37.0
2024-01-15 20:42:03.326997,21.3,67.4,6.9
2024-01-16 20:42:03.326997,24.3,74.4,11.5
2024-01-17 20:42:03.326997,26.6,69.4,29.5
2024-01-18 20:42:03.326997,22.0,67.0,16.4
2024-01-19 20:42:03.326997,22.8,64.8,17.5
2024-01-20 20:42:03.326997,25.2,65.9,38.1
2024-01-21 20:42:03.326997,21.9,65.0,15.6
2024-01-22 20:42:03.326997,19.1,84.8,34.2
2024-01-23 20:42:03.326997,24.2,65.3,10.1
2024-01-24 20:42:03.326997,22.5,81.2,32.7
2024-01-25 20:42:03.326997,30.3,74.5,18.9
2024-01-26 20:42:03.326997,27.0,67.4,2.8
2024-01-27 20:42:03.326997,23.6,64.0,36.7
2024-01-28 20:42:03.326997,22.5,59.8,26.7
2024-01-29 20:42:03.326997,27.9,74.6,4.8
2024-01-30 20:42:03.326997,22.8,69.3,6.3
2024-01-31 20:42:03.326997,20.5,69.8,14.1
2024-02-01 20:42:03.326997,24.1,63.0,19.5
2024-02-02 20:42:03.326997,25.1,65.7,5.2
2024-02-03 20:42:03.326997,24.0,64.6,9.3
2024-02-04 20:42:03.326997,22.2,65.8,14.4
2024-02-05 20:42:03.326997,21.7,64.2,38.3
2024-02-06 20:42:03.326997,27.9,65.4,12.1
2024-02-07 20:42:03.326997,25.1,67.5,38.5
2024-02-08 20:42:03.326997,26.3,65.5,16.8
2024-02-09 20:42:03.326997,24.2,59.1,8.7
2024-02-10 20:42:03.326997,24.9,70.6,12.5
2024-02-11 20:42:03.326997,27.4,71.4,8.8
2024-02-12 20:42:03.326997,23.1,65.0,15.0
2024-02-13 20:42:03.326997,23.7,64.5,12.5
2024-02-14 20:42:03.326997,22.2,63.4,16.8
2024-02-15 20:42:03.326997,26.3,61.8,37.2
2024-02-16 20:42:03.326997,25.5,67.3,25.2
2024-02-17 20:42:03.326997,24.2,66.2,39.4
2024-02-18 20:42:03.326997,18.5,64.1,20.3
2024-02-19 20:42:03.326997,26.5,63.9,25.8
2024-02-20 20:42:03.326997,21.5,59.4,22.6
2024-02-21 20:42:03.326997,30.1,76.6,10.1
2024-02-22 20:42:03.326997,20.7,63.5,23.7
2024-02-23 20:42:03.326997,26.1,64.4,2.4
2024-02-24 20:42:03.326997,19.1,65.5,11.9
2024-02-25 20:42:03.326997,28.4,55.6,24.3
2024-02-26 20:42:03.326997,19.7,65.6,30.6
2024-02-27 20:42:03.326997,20.4,54.3,28.9
2024-02-28 20:42:03.326997,22.4,61.0,9.9
2024-02-29 20:42:03.326997,23.7,65.5,30.9
2024-03-01 20:42:03.326997,18.4,57.3,7.5
2024-03-02 20:42:03.326997,20.9,59.3,35.6
2024-03-03 20:42:03.326997,25.9,59.5,25.7
2024-03-04 20:42:03.326997,21.4,52.4,23.8
2024-03-05 20:42:03.326997,23.6,66.8,35.1
2024-03-06 20:42:03.326997,24.5,46.4,7.6
2024-03-07 20:42:03.326997,27.9,61.6,11.2
2024-03-08 20:42:03.326997,22.2,55.3,16.0
2024-03-09 20:42:03.326997,15.1,66.9,35.1
2024-03-10 20:42:03.326997,26.9,55.7,37.1
2024-03-11 20:42:03.326997,23.4,57.8,9.5
2024-03-12 20:42:03.326997,19.7,49.9,4.2
2024-03-13 20:42:03.326997,17.6,61.6,26.7
2024-03-14 20:42:03.326997,15.2,66.2,16.6
2024-03-15 20:42:03.326997,22.2,57.3,18.3
2024-03-16 20:42:03.326997,16.7,61.6,22.0
2024-03-17 20:42:03.326997,18.8,57.3,38.1
2024-03-18 20:42:03.326997,16.5,49.2,22.0
2024-03-19 20:42:03.326997,10.6,51.5,23.0
2024-03-20 20:42:03.326997,22.1,44.5,19.0
2024-03-21 20:42:03.326997,18.4,51.2,32.3
2024-03-22 20:42:03.326997,22.8,55.3,9.6
2024-03-23 20:42:03.326997,20.8,58.4,29.0
2024-03-24 20:42:03.326997,19.8,55.1,10.2
2024-03-25 20:42:03.326997,13.0,53.2,31.1
2024-03-26 20:42:03.326997,15.5,55.0,16.2
2024-03-27 20:42:03.326997,14.9,62.3,31.5
2024-03-28 20:42:03.326997,15.8,47.4,33.1
2024-03-29 20:42:03.326997,17.8,51.9,11.2
2024-03-30 20:42:03.326997,18.3,54.3,32.8
2024-03-31 20:42:03.326997,24.3,59.5,25.9
2024-04-01 20:42:03.326997,18.3,59.2,25.4
2024-04-02 20:42:03.326997,11.9,50.7,34.2
2024-04-03 20:42:03.326997,20.7,57.3,35.7
2024-04-04 20:42:03.326997,14.7,57.4,26.0
2024-04-05 20:42:03.326997,7.5,53.3,17.6
2024-04-06 20:42:03.326997,15.7,57.0,30.4
2024-04-07 20:42:03.326997,20.1,59.5,12.5
2024-04-08 20:42:03.326997,17.4,46.8,29.1
2024-04-09 20:42:03.326997,15.2,46.3,20.1
2024-04-10 20:42:03.326997,18.9,64.6,23.0
2024-04-11 20:42:03.326997,13.2,63.5,20.9
2024-04-12 20:42:03.326997,13.3,47.5,34.8
2024-04-13 20:42:03.326997,16.2,54.3,6.4
2024-04-14 20:42:03.326997,14.7,57.8,14.8
2024-04-15 20:42:03.326997,13.6,53.1,8.8
2024-04-16 20:42:03.326997,17.7,54.2,10.9
2024-04-17 20:42:03.326997,19.4,46.9,35.7
2024-04-18 20:42:03.326997,15.0,59.5,8.0
2024-04-19 20:42:03.326997,15.6,48.2,20.3
2024-04-20 20:42:03.326997,12.5,56.7,17.9
2024-04-21 20:42:03.326997,20.6,58.4,23.9
2024-04-22 20:42:03.326997,17.8,56.1,32.0
2024-04-23 20:42:03.326997,15.9,52.1,33.3
2024-04-24 20:42:03.326997,15.8,55.2,29.1
2024-04-25 20:42:03.326997,14.2,58.7,35.7
2024-04-26 20:42:03.326997,17.0,63.3,6.4
2024-04-27 20:42:03.326997,14.8,52.5,6.6
2024-04-28 20:42:03.326997,15.5,56.7,13.8
2024-04-29 20:42:03.326997,16.8,53.4,11.7
2024-04-30 20:42:03.326997,16.5,60.7,21.0
2024-05-01 20:42:03.326997,15.8,55.8,22.2
2024-05-02 20:42:03.326997,8.2,51.8,9.8
2024-05-03 20:42:03.326997,12.0,51.7,27.3
2024-05-04 20:42:03.326997,14.0,54.4,28.8
2024-05-05 20:42:03.326997,13.5,61.8,22.7
2024-05-06 20:42:03.326997,12.6,45.1,3.8
2024-05-07 20:42:03.326997,11.6,45.8,5.9
2024-05-08 20:42:03.326997,13.0,43.3,5.1
2024-05-09 20:42:03.326997,10.8,53.8,39.0
2024-05-10 20:42:03.326997,4.5,49.9,34.6
2024-05-11 20:42:03.326997,8.6,51.3,26.7
2024-05-12 20:42:03.326997,9.2,50.5,34.6
2024-05-13 20:42:03.326997,13.2,49.0,5.1
2024-05-14 20:42:03.326997,10.8,50.4,39.6
2024-05-15 20:42:03.326997,7.7,55.6,7.0
2024-05-16 20:42:03.326997,9.5,55.6,30.6
2024-05-17 20:42:03.326997,9.0,56.1,16.7
2024-05-18 20:42:03.326997,9.2,74.0,30.6
2024-05-19 20:42:03.326997,17.1,50.1,28.9
2024-05-20 20:42:03.326997,9.7,61.5,37.4
2024-05-21 20:42:03.326997,17.1,49.3,2.1
2024-05-22 20:42:03.326997,14.7,57.5,29.3
2024-05-23 20:42:03.326997,13.9,58.7,31.5
2024-05-24 20:42:03.326997,4.4,60.2,22.9
2024-05-25 20:42:03.326997,9.4,54.0,17.5
2024-05-26 20:42:03.326997,9.0,54.3,13.4
2024-05-27 20:42:03.326997,12.1,55.8,31.4
2024-05-28 20:42:03.326997,13.2,65.4,22.3
2024-05-29 20:42:03.326997,11.7,63.0,35.2
2024-05-30 20:42:03.326997,4.2,58.1,8.9
2024-05-31 20:42:03.326997,11.6,58.6,15.1
2024-06-01 20:42:03.326997,6.6,65.3,14.2
2024-06-02 20:42:03.326997,5.5,57.1,29.4
2024-06-03 20:42:03.326997,7.8,54.5,27.5
2024-06-04 20:42:03.326997,6.9,65.4,24.8
2024-06-05 20:42:03.326997,8.5,65.0,19.1
2024-06-06 20:42:03.326997,7.0,58.4,35.3
2024-06-07 20:42:03.326997,6.3,62.6,14.6
2024-06-08 20:42:03.326997,1.3,67.3,25.8
2024-06-09 20:42:03.326997,11.9,65.1,14.9
2024-06-10 20:42:03.326997,2.6,66.4,31.4
2024-06-11 20:42:03.326997,2.7,62.1,4.8
2024-06-12 20:42:03.326997,10.3,60.4,30.6
2024-06-13 20:42:03.326997,4.3,64.5,6.0
2024-06-14 20:42:03.326997,10.5,65.2,5.0
2024-06-15 20:42:03.326997,8.2,50.9,32.6
2024-06-16 20:42:03.326997,6.0,63.5,3.8
2024-06-17 20:42:03.326997,1.6,53.6,5.6
2024-06-18 20:42:03.326997,5.5,66.7,24.3
2024-06-19 20:42:03.326997,3.6,64.0,2.3
2024-06-20 20:42:03.326997,7.1,64.3,17.9
2024-06-21 20:42:03.326997,9.7,59.3,39.0
2024-06-22 20:42:03.326997,5.8,65.8,36.6
2024-06-23 20:42:03.326997,9.2,53.4,12.1
2024-06-24 20:42:03.326997,11.1,55.4,10.9
2024-06-25 20:42:03.326997,6.8,73.5,3.2
2024-06-26 20:42:03.326997,0.5,64.7,39.4
2024-06-27 20:42:03.326997,2.0,62.8,19.3
2024-06-28 20:42:03.326997,6.4,67.6,25.8
2024-06-29 20:42:03.326997,3.4,66.1,23.2
2024-06-30 20:42:03.326997,6.1,66.8,39.8
2024-07-01 20:42:03.326997,3.9,56.3,8.6
2024-07-02 20:42:03.326997,6.7,70.9,27.9
2024-07-03 20:42:03.326997,4.6,62.9,9.0
2024-07-04 20:42:03.326997,-0.3,67.3,19.2
2024-07-05 20:42:03.326997,5.5,62.8,30.8
2024-07-06 20:42:03.326997,3.9,67.0,12.8
2024-07-07 20:42:03.326997,0.7,58.2,35.5
2024-07-08 20:42:03.326997,8.5,70.9,12.5
2024-07-09 20:42:03.326997,6.5,63.6,15.7
2024-07-10 20:42:03.326997,0.4,73.9,23.0
2024-07-11 20:42:03.326997,4.2,57.7,18.8
2024-07-12 20:42:03.326997,6.2,61.8,27.6
2024-07-13 20:42:03.326997,7.7,73.4,22.3
2024-07-14 20:42:03.326997,9.9,64.7,13.1
2024-07-15 20:42:03.326997,4.8,71.3,17.4
2024-07-16 20:42:03.326997,6.5,74.2,21.7
2024-07-17 20:42:03.326997,5.9,59.6,8.4
2024-07-18 20:42:03.326997,9.0,68.3,3.1
2024-07-19 20:42:03.326997,8.1,69.3,35.3
2024-07-20 20:42:03.326997,4.4,62.9,6.2
2024-07-21 20:42:03.326997,10.8,56.9,27.2
2024-07-22 20:42:03.326997,3.0,68.1,8.0
2024-07-23 20:42:03.326997,2.4,65.6,36.5
2024-07-24 20:42:03.326997,6.9,66.4,39.4
2024-07-25 20:42:03.326997,5.9,72.7,22.4
2024-07-26 20:42:03.326997,3.2,74.1,32.6
2024-07-27 20:42:03.326997,7.4,64.4,9.7
2024-07-28 20:42:03.326997,4.9,66.0,7.5
2024-07-29 20:42:03.326997,5.5,66.4,33.3
2024-07-30 20:42:03.326997,-1.1,77.4,36.8
2024-07-31 20:42:03.326997,2.7,72.2,18.3
2024-08-01 20:42:03.326997,11.1,73.8,26.9
2024-08-02 20:42:03.326997,1.3,77.7,38.7
2024-08-03 20:42:03.326997,6.7,77.3,32.0
2024-08-04 20:42:03.326997,3.2,68.2,33.6
2024-08-05 20:42:03.326997,1.3,84.1,23.3
2024-08-06 20:42:03.326997,11.8,65.6,6.5
2024-08-07 20:42:03.326997,8.7,75.8,6.9
2024-08-08 20:42:03.326997,3.0,73.6,27.2
2024-08-09 20:42:03.326997,7.7,58.5,22.5
2024-08-10 20:42:03.326997,10.6,73.1,26.5
2024-08-11 20:42:03.326997,4.2,76.0,37.8
2024-08-12 20:42:03.326997,7.4,70.5,14.7
2024-08-13 20:42:03.326997,10.3,69.0,5.1
2024-08-14 20:42:03.326997,4.9,79.2,37.3
2024-08-15 20:42:03.326997,8.0,76.6,19.2
2024-08-16 20:42:03.326997,3.8,80.4,6.2
2024-08-17 20:42:03.326997,2.4,68.4,6.4
2024-08-18 20:42:03.326997,3.3,76.3,3.0
2024-08-19 20:42:03.326997,-0.7,78.3,33.2
2024-08-20 20:42:03.326997,2.2,72.2,39.3
2024-08-21 20:42:03.326997,5.9,77.4,11.7
2024-08-22 20:42:03.326997,3.8,79.4,27.0
2024-08-23 20:42:03.326997,6.3,75.6,26.0
2024-08-24 20:42:03.326997,2.7,77.2,6.9
2024-08-25 20:42:03.326997,4.9,77.9,28.8
2024-08-26 20:42:03.326997,5.4,72.8,22.7
2024-08-27 20:42:03.326997,3.0,80.1,36.6
2024-08-28 20:42:03.326997,1.7,75.1,11.1
2024-08-29 20:42:03.326997,5.5,86.3,34.4
2024-08-30 20:42:03.326997,7.4,72.1,11.6
2024-08-31 20:42:03.326997,5.5,79.5,4.5
2024-09-01 20:42:03.326997,12.0,75.3,28.6
2024-09-02 20:42:03.326997,4.3,78.9,31.5
2024-09-03 20:42:03.326997,-4.5,77.7,30.3
2024-09-04 20:42:03.326997,4.2,89.0,9.8
2024-09-05 20:42:03.326997,4.2,81.7,25.7
2024-09-06 20:42:03.326997,10.9,74.7,6.9
2024-09-07 20:42:03.326997,6.9,86.5,19.9
2024-09-08 20:42:03.326997,7.6,82.2,11.8
2024-09-09 20:42:03.326997,6.4,80.5,10.9
2024-09-10 20:42:03.326997,10.3,81.9,29.3
2024-09-11 20:42:03.326997,3.9,84.5,12.0
2024-09-12 20:42:03.326997,9.3,76.2,36.8
2024-09-13 20:42:03.326997,8.7,78.4,38.2
2024-09-14 20:42:03.326997,8.2,79.3,2.4
2024-09-15 20:42:03.326997,9.1,78.1,19.4
2024-09-16 20:42:03.326997,9.3,79.5,22.1
2024-09-17 20:42:03.326997,6.0,74.2,2.6
2024-09-18 20:42:03.326997,13.7,86.5,2.5
2024-09-19 20:42:03.326997,13.3,79.1,31.1
2024-09-20 20:42:03.326997,5.1,75.3,4.4
2024-09-21 20:42:03.326997,13.1,79.7,22.2
2024-09-22 20:42:03.326997,10.9,80.5,20.0
2024-09-23 20:42:03.326997,11.6,85.5,36.3
2024-09-24 20:42:03.326997,9.5,86.7,18.6
2024-09-25 20:42:03.326997,11.6,78.1,32.5
2024-09-26 20:42:03.326997,12.7,80.1,35.8
2024-09-27 20:42:03.326997,12.3,83.3,37.2
2024-09-28 20:42:03.326997,8.4,85.3,27.1
2024-09-29 20:42:03.326997,11.2,83.2,13.0
2024-09-30 20:42:03.326997,8.2,80.2,12.3
2024-10-01 20:42:03.326997,13.1,94.0,27.9
2024-10-02 20:42:03.326997,9.2,88.6,22.1
2024-10-03 20:42:03.326997,12.9,85.4,8.6
2024-10-04 20:42:03.326997,8.9,84.1,19.1
2024-10-05 20:42:03.326997,12.3,82.5,7.2
2024-10-06 20:42:03.326997,12.0,89.1,4.2
2024-10-07 20:42:03.326997,12.5,88.1,33.0
2024-10-08 20:42:03.326997,9.0,83.8,8.1
2024-10-09 20:42:03.326997,5.6,94.7,34.1
2024-10-10 20:42:03.326997,13.5,81.7,17.0
2024-10-11 20:42:03.326997,11.8,89.9,8.2
2024-10-12 20:42:03.326997,10.3,76.6,20.0
2024-10-13 20:42:03.326997,13.7,88.9,29.5
2024-10-14 20:42:03.326997,8.2,86.0,19.6
2024-10-15 20:42:03.326997,14.9,76.7,11.8
2024-10-16 20:42:03.326997,15.1,83.3,33.9
2024-10-17 20:42:03.326997,10.9,86.7,3.6
2024-10-18 20:42:03.326997,13.2,94.1,17.3
2024-10-19 20:42:03.326997,12.2,91.3,31.5
2024-10-20 20:42:03.326997,14.1,78.7,11.1
2024-10-21 20:42:03.326997,19.0,84.9,28.4
2024-10-22 20:42:03.326997,9.8,83.2,24.0
2024-10-23 20:42:03.326997,20.5,85.0,34.4
2024-10-24 20:42:03.326997,14.7,85.5,27.7
2024-10-25 20:42:03.326997,10.4,83.3,36.0
2024-10-26 20:42:03.326997,14.1,84.0,14.3
2024-10-27 20:42:03.326997,17.2,83.0,23.1
2024-10-28 20:42:03.326997,19.3,92.1,5.3
2024-10-29 20:42:03.326997,22.2,83.6,35.0
2024-10-30 20:42:03.326997,19.3,92.1,18.0
2024-10-31 20:42:03.326997,16.7,87.9,17.5
2024-11-01 20:42:03.326997,19.7,81.3,20.4
2024-11-02 20:42:03.326997,13.3,81.5,21.2
2024-11-03 20:42:03.326997,17.0,82.8,34.2
2024-11-04 20:42:03.326997,22.3,91.1,23.0
2024-11-05 20:42:03.326997,14.0,78.7,3.1
2024-11-06 20:42:03.326997,20.3,92.9,16.2
2024-11-07 20:42:03.326997,21.5,81.7,6.3
2024-11-08 20:42:03.326997,12.3,85.2,34.8
2024-11-09 20:42:03.326997,20.2,82.6,31.3
2024-11-10 20:42:03.326997,12.0,84.3,6.8
2024-11-11 20:42:03.326997,17.6,85.7,32.3
2024-11-12 20:42:03.326997,18.4,85.2,12.8
2024-11-13 20:42:03.326997,16.7,90.0,32.7
2024-11-14 20:42:03.326997,15.7,83.3,31.6
2024-11-15 20:42:03.326997,21.5,87.5,19.1
2024-11-16 20:42:03.326997,20.4,81.1,28.3
2024-11-17 20:42:03.326997,18.6,79.1,16.3
2024-11-18 20:42:03.326997,19.1,74.6,19.1
2024-11-19 20:42:03.326997,21.2,88.8,18.4
2024-11-20 20:42:03.326997,18.2,88.2,25.0
2024-11-21 20:42:03.326997,21.0,89.3,21.4
2024-11-22 20:42:03.326997,18.9,77.4,35.9
2024-11-23 20:42:03.326997,17.6,82.0,20.0
2024-11-24 20:42:03.326997,18.0,95.5,16.8
2024-11-25 20:42:03.326997,23.2,73.9,26.3
2024-11-26 20:42:03.326997,18.9,83.5,28.4
2024-11-27 20:42:03.326997,21.7,81.0,33.0
2024-11-28 20:42:03.326997,19.0,78.2,25.3
2024-11-29 20:42:03.326997,21.9,83.6,26.6
2024-11-30 20:42:03.326997,25.0,82.3,9.9
2024-12-01 20:42:03.326997,15.8,81.7,38.1
2024-12-02 20:42:03.326997,16.1,91.7,11.7
2024-12-03 20:42:03.326997,23.0,76.7,28.2
2024-12-04 20:42:03.326997,21.9,89.1,19.5
2024-12-05 20:42:03.326997,21.4,79.3,22.6
2024-12-06 20:42:03.326997,24.0,82.1,11.7
2024-12-07 20:42:03.326997,23.5,78.5,9.7
2024-12-08 20:42:03.326997,19.0,79.2,32.1
2024-12-09 20:42:03.326997,22.7,81.0,14.4
2024-12-10 20:42:03.326997,22.3,82.1,18.2
2024-12-11 20:42:03.326997,20.2,74.5,25.0
2024-12-12 20:42:03.326997,23.9,68.0,25.8
2024-12-13 20:42:03.326997,26.4,73.3,4.0
2024-12-14 20:42:03.326997,22.4,81.3,30.6
2024-12-15 20:42:03.326997,26.2,83.7,19.7
2024-12-16 20:42:03.326997,23.7,83.8,21.5
2024-12-17 20:42:03.326997,26.2,82.7,37.4
2024-12-18 20:42:03.326997,28.4,79.0,2.5
2024-12-19 20:42:03.326997,22.7,81.6,35.2
2024-12-20 20:42:03.326997,23.1,77.6,12.7
2024-12-21 20:42:03.326997,17.9,78.6,29.9
2024-12-22 20:42:03.326997,21.3,78.8,29.2
2024-12-23 20:42:03.326997,20.5,76.6,35.2
2024-12-24 20:42:03.326997,23.4,73.9,12.2
2024-12-25 20:42:03.326997,20.3,81.9,21.4
2024-12-26 20:42:03.326997,23.6,77.3,2.9
2024-12-27 20:42:03.326997,24.4,78.7,19.5
2024-12-28 20:42:03.326997,23.7,77.4,13.8
2024-12-29 20:42:03.326997,23.4,74.9,36.2
2024-12-30 20:42:03.326997,32.3,73.2,30.0
2024-12-31 20:42:03.326997,31.7,80.8,23.8
2025-01-01 20:42:03.326997,17.9,72.8,21.3
2025-01-02 20:42:03.326997,18.4,78.3,32.8
2025-01-03 20:42:03.326997,17.7,73.4,18.8
2025-01-04 20:42:03.326997,27.9,78.8,8.7
2025-01-05 20:42:03.326997,21.3,82.0,37.8
2025-01-06 20:42:03.326997,21.2,80.8,17.2
2025-01-07 20:42:03.326997,25.6,77.0,35.0
2025-01-08 20:42:03.326997,23.5,76.9,8.5
2025-01-09 20:42:03.326997,29.5,72.1,19.5
2025-01-10 20:42:03.326997,25.8,75.7,27.2
2025-01-11 20:42:03.326997,28.3,73.1,34.3
2025-01-12 20:42:03.326997,27.3,71.6,5.0
2025-01-13 20:42:03.326997,19.8,69.7,15.9
2025-01-14 20:42:03.326997,26.8,70.2,5.1
2025-01-15 20:42:03.326997,28.3,72.1,38.7
2025-01-16 20:42:03.326997,25.9,74.8,31.6
2025-01-17 20:42:03.326997,28.3,69.6,15.7
2025-01-18 20:42:03.326997,21.8,63.3,18.2
2025-01-19 20:42:03.326997,27.6,60.6,36.9
2025-01-20 20:42:03.326997,23.6,57.6,2.4
2025-01-21 20:42:03.326997,22.6,73.6,8.5
2025-01-22 20:42:03.326997,27.2,62.8,25.3
2025-01-23 20:42:03.326997,25.9,64.7,39.0
2025-01-24 20:42:03.326997,25.7,77.0,37.4
2025-01-25 20:42:03.326997,27.1,64.2,22.9
2025-01-26 20:42:03.326997,27.2,69.7,24.4
2025-01-27 20:42:03.326997,29.8,63.7,12.9
2025-01-28 20:42:03.326997,21.7,67.7,31.2
2025-01-29 20:42:03.326997,25.9,68.7,12.7
2025-01-30 20:42:03.326997,21.2,61.0,18.8
2025-01-31 20:42:03.326997,26.2,65.0,36.6
2025-02-01 20:42:03.326997,20.3,73.2,14.5
2025-02-02 20:42:03.326997,24.2,61.2,37.6
2025-02-03 20:42:03.326997,24.9,73.4,34.7
2025-02-04 20:42:03.326997,28.8,57.1,5.1
2025-02-05 20:42:03.326997,28.6,62.2,13.1
2025-02-06 20:42:03.326997,24.7,71.6,17.9
2025-02-07 20:42:03.326997,18.1,68.0,15.1
2025-02-08 20:42:03.326997,29.0,68.2,20.1
2025-02-09 20:42:03.326997,27.8,67.7,4.2
2025-02-10 20:42:03.326997,20.5,64.7,28.2
2025-02-11 20:42:03.326997,22.1,64.9,21.8
2025-02-12 20:42:03.326997,25.2,64.3,36.5
2025-02-13 20:42:03.326997,21.3,62.2,17.0
2025-02-14 20:42:03.326997,29.2,55.8,13.5
2025-02-15 20:42:03.326997,22.5,71.7,5.5
2025-02-16 20:42:03.326997,18.1,57.9,16.4
2025-02-17 20:42:03.326997,24.5,67.5,32.4
2025-02-18 20:42:03.326997,23.1,76.9,31.5
2025-02-19 20:42:03.326997,24.9,65.7,8.7
2025-02-20 20:42:03.326997,24.4,62.1,12.9
2025-02-21 20:42:03.326997,18.9,53.6,7.4
2025-02-22 20:42:03.326997,22.2,65.1,24.7
2025-02-23 20:42:03.326997,27.4,52.0,29.5
2025-02-24 20:42:03.326997,29.6,58.9,34.2
2025-02-25 20:42:03.326997,20.1,58.9,35.5
2025-02-26 20:42:03.326997,21.5,61.4,36.3
2025-02-27 20:42:03.326997,21.5,63.9,23.8
2025-02-28 20:42:03.326997,19.2,57.6,30.6
2025-03-01 20:42:03.326997,27.5,66.5,21.8
2025-03-02 20:42:03.326997,19.5,60.7,23.7
2025-03-03 20:42:03.326997,23.7,62.2,7.2
2025-03-04 20:42:03.326997,25.3,61.1,12.8
2025-03-05 20:42:03.326997,21.7,58.9,2.8
2025-03-06 20:42:03.326997,28.0,57.8,33.7
2025-03-07 20:42:03.326997,21.8,62.7,16.6
2025-03-08 20:42:03.326997,20.7,61.0,8.5
2025-03-09 20:42:03.326997,24.1,49.5,10.9
2025-03-10 20:42:03.326997,22.0,63.9,33.7
2025-03-11 20:42:03.326997,24.1,66.8,33.1
2025-03-12 20:42:03.326997,20.6,58.3,14.9
2025-03-13 20:42:03.326997,18.7,60.2,35.4
2025-03-14 20:42:03.326997,22.2,62.0,8.0
2025-03-15 20:42:03.326997,21.7,64.7,12.2
2025-03-16 20:42:03.326997,18.1,57.3,17.7
2025-03-17 20:42:03.326997,22.2,57.5,34.4
2025-03-18 20:42:03.326997,18.0,50.3,36.7
2025-03-19 20:42:03.326997,22.8,64.2,20.4
2025-03-20 20:42:03.326997,24.2,54.7,4.3
2025-03-21 20:42:03.326997,16.6,60.9,15.2
2025-03-22 20:42:03.326997,18.5,68.0,26.0
2025-03-23 20:42:03.326997,20.7,51.8,20.9
2025-03-24 20:42:03.326997,15.8,55.2,11.6
2025-03-25 20:42:03.326997,20.6,65.1,38.4
2025-03-26 20:42:03.326997,22.7,48.1,17.3
2025-03-27 20:42:03.326997,19.6,55.5,10.0
2025-03-28 20:42:03.326997,11.0,61.6,17.0
2025-03-29 20:42:03.326997,16.3,56.2,3.9
2025-03-30 20:42:03.326997,21.9,47.8,15.4
2025-03-31 20:42:03.326997,23.7,55.2,34.8
2025-04-01 20:42:03.326997,25.1,56.1,37.2
2025-04-02 20:42:03.326997,26.2,58.8,29.6
2025-04-03 20:42:03.326997,23.1,58.3,35.8
2025-04-04 20:42:03.326997,18.3,52.2,23.0
2025-04-05 20:42:03.326997,8.3,62.0,30.8
2025-04-06 20:42:03.326997,22.8,56.0,28.0
2025-04-07 20:42:03.326997,15.3,49.2,25.4
2025-04-08 20:42:03.326997,15.2,59.3,8.8
2025-04-09 20:42:03.326997,21.9,55.6,19.2
2025-04-10 20:42:03.326997,20.4,57.8,9.4
2025-04-11 20:42:03.326997,14.0,66.6,3.7
2025-04-12 20:42:03.326997,18.1,56.9,26.2
2025-04-13 20:42:03.326997,19.2,53.7,29.1
2025-04-14 20:42:03.326997,13.5,58.8,30.4
2025-04-15 20:42:03.326997,15.1,58.5,11.2
2025-04-16 20:42:03.326997,16.9,57.4,26.2
2025-04-17 20:42:03.326997,18.8,54.2,4.0
2025-04-18 20:42:03.326997,9.6,56.4,17.3
2025-04-19 20:42:03.326997,18.1,54.7,10.0
2025-04-20 20:42:03.326997,19.6,50.1,21.0
2025-04-21 20:42:03.326997,17.3,52.5,30.6
2025-04-22 20:42:03.326997,20.9,66.8,38.7
2025-04-23 20:42:03.326997,11.8,57.0,21.3
2025-04-24 20:42:03.326997,16.6,54.4,39.5
2025-04-25 20:42:03.326997,18.1,45.9,11.4
2025-04-26 20:42:03.326997,11.4,59.4,7.0
2025-04-27 20:42:03.326997,16.7,58.3,23.4
2025-04-28 20:42:03.326997,18.3,50.3,18.3
2025-04-29 20:42:03.326997,10.7,49.8,31.5
2025-04-30 20:42:03.326997,13.1,59.9,17.4
2025-05-01 20:42:03.326997,16.0,61.0,12.4
2025-05-02 20:42:03.326997,11.5,57.0,34.7
2025-05-03 20:42:03.326997,13.3,57.2,18.5
2025-05-04 20:42:03.326997,13.9,52.5,17.6
2025-05-05 20:42:03.326997,9.0,53.6,5.3
2025-05-06 20:42:03.326997,13.0,48.1,23.7
2025-05-07 20:42:03.326997,11.6,50.8,14.5
2025-05-08 20:42:03.326997,15.3,59.3,18.8
2025-05-09 20:42:03.326997,13.1,54.0,13.6
2025-05-10 20:42:03.326997,14.4,55.5,24.8
2025-05-11 20:42:03.326997,11.3,53.0,25.2
2025-05-12 20:42:03.326997,8.2,57.5,19.2
2025-05-13 20:42:03.326997,18.2,59.8,17.0
2025-05-14 20:42:03.326997,14.4,65.9,11.4
2025-05-15 20:42:03.326997,6.7,57.2,9.8
2025-05-16 20:42:03.326997,7.7,55.7,7.2
2025-05-17 20:42:03.326997,10.7,53.9,33.5
2025-05-18 20:42:03.326997,10.2,55.7,10.3
2025-05-19 20:42:03.326997,5.5,57.5,15.3
2025-05-20 20:42:03.326997,15.1,61.6,34.2
2025-05-21 20:42:03.326997,7.2,64.4,25.2
2025-05-22 20:42:03.326997,8.0,49.7,14.8
2025-05-23 20:42:03.326997,8.9,62.4,23.0
2025-05-24 20:42:03.326997,5.5,47.5,14.4
2025-05-25 20:42:03.326997,1.0,59.1,14.9
2025-05-26 20:42:03.326997,9.8,61.8,32.3
2025-05-27 20:42:03.326997,11.4,50.6,22.7
2025-05-28 20:42:03.326997,7.7,61.7,36.3
2025-05-29 20:42:03.326997,12.0,57.1,30.0
2025-05-30 20:42:03.326997,10.0,53.9,17.4
2025-05-31 20:42:03.326997,8.2,57.5,18.0
2025-06-01 20:42:03.326997,7.2,65.0,25.7
2025-06-02 20:42:03.326997,12.0,54.9,39.8
2025-06-03 20:42:03.326997,5.2,58.5,29.0
2025-06-04 20:42:03.326997,11.8,62.2,23.8
2025-06-05 20:42:03.326997,6.0,55.9,24.1
2025-06-06 20:42:03.326997,6.8,57.5,34.4
2025-06-07 20:42:03.326997,6.1,63.9,14.1
2025-06-08 20:42:03.326997,9.0,62.8,18.9
2025-06-09 20:42:03.326997,6.4,68.4,13.8
2025-06-10 20:42:03.326997,3.7,62.5,8.4
2025-06-11 20:42:03.326997,9.9,65.2,12.7
2025-06-12 20:42:03.326997,10.3,52.6,23.2
2025-06-13 20:42:03.326997,10.5,42.7,15.4
2025-06-14 20:42:03.326997,1.2,47.9,17.2
2025-06-15 20:42:03.326997,9.1,57.5,6.9
2025-06-16 20:42:03.326997,6.4,57.0,10.4
2025-06-17 20:42:03.326997,5.8,63.2,13.1
2025-06-18 20:42:03.326997,3.9,62.4,39.7
2025-06-19 20:42:03.326997,7.9,63.4,27.8
2025-06-20 20:42:03.326997,1.1,67.4,34.4
2025-06-21 20:42:03.326997,6.4,67.2,35.0
2025-06-22 20:42:03.326997,5.2,60.5,38.7
2025-06-23 20:42:03.326997,1.9,51.5,37.0
2025-06-24 20:42:03.326997,3.7,62.4,33.8
2025-06-25 20:42:03.326997,6.1,69.0,16.1
2025-06-26 20:42:03.326997,8.9,54.3,8.3
2025-06-27 20:42:03.326997,4.3,67.9,30.8
2025-06-28 20:42:03.326997,9.0,64.8,29.3
2025-06-29 20:42:03.326997,2.6,62.0,3.0
2025-06-30 20:42:03.326997,12.8,78.8,39.7
2025-07-01 20:42:03.326997,4.8,67.1,32.8
2025-07-02 20:42:03.326997,5.2,62.8,22.6
2025-07-03 20:42:03.326997,4.8,70.1,25.3
2025-07-04 20:42:03.326997,0.4,67.0,36.7
2025-07-05 20:42:03.326997,10.3,64.4,40.0
2025-07-06 20:42:03.326997,7.0,66.4,34.7
2025-07-07 20:42:03.326997,7.9,71.7,37.7
2025-07-08 20:42:03.326997,4.3,72.9,9.3
2025-07-09 20:42:03.326997,4.0,64.2,13.9
2025-07-10 20:42:03.326997,9.4,69.0,35.6
2025-07-11 20:42:03.326997,0.6,69.0,22.2
2025-07-12 20:42:03.326997,7.8,69.6,37.8
2025-07-13 20:42:03.326997,0.9,67.9,32.0
2025-07-14 20:42:03.326997,5.8,56.1,37.6
2025-07-15 20:42:03.326997,0.1,73.6,20.1
2025-07-16 20:42:03.326997,4.9,70.4,25.2
2025-07-17 20:42:03.326997,5.9,68.5,36.6
2025-07-18 20:42:03.326997,3.1,70.2,24.6
2025-07-19 20:42:03.326997,10.4,77.2,8.4
2025-07-20 20:42:03.326997,8.1,67.0,8.4
2025-07-21 20:42:03.326997,2.6,64.6,13.0
2025-07-22 20:42:03.326997,6.0,65.7,3.9
2025-07-23 20:42:03.326997,4.4,72.8,21.1
2025-07-24 20:42:03.326997,8.8,75.7,21.5
2025-07-25 20:42:03.326997,5.2,70.9,27.8
2025-07-26 20:42:03.326997,6.8,70.5,15.6
2025-07-27 20:42:03.326997,4.9,61.7,9.7
2025-07-28 20:42:03.326997,6.9,72.4,29.4
2025-07-29 20:42:03.326997,5.9,66.2,11.1
2025-07-30 20:42:03.326997,6.7,70.4,21.4
2025-07-31 20:42:03.326997,7.6,63.1,11.2
2025-08-01 20:42:03.326997,5.6,72.1,10.9
2025-08-02 20:42:03.326997,5.4,69.3,17.2
2025-08-03 20:42:03.326997,3.3,66.3,27.8
2025-08-04 20:42:03.326997,7.8,66.3,31.8
2025-08-05 20:42:03.326997,8.2,71.6,3.7
2025-08-06 20:42:03.326997,5.7,78.3,7.1
2025-08-07 20:42:03.326997,4.8,70.6,17.9
2025-08-08 20:42:03.326997,13.2,69.7,38.2
2025-08-09 20:42:03.326997,5.8,77.6,4.5
2025-08-10 20:42:03.326997,4.4,76.5,17.5
2025-08-11 20:42:03.326997,6.2,74.1,23.2
2025-08-12 20:42:03.326997,1.8,75.3,26.6
2025-08-13 20:42:03.326997,6.3,74.3,13.8
2025-08-14 20:42:03.326997,5.6,70.9,11.7
2025-08-15 20:42:03.326997,4.9,87.2,4.2
2025-08-16 20:42:03.326997,6.0,81.5,34.2
2025-08-17 20:42:03.326997,1.2,77.6,10.5
2025-08-18 20:42:03.326997,1.0,79.6,7.0
2025-08-19 20:42:03.326997,8.1,78.8,28.4
2025-08-20 20:42:03.326997,6.1,70.8,18.2
2025-08-21 20:42:03.326997,5.7,73.5,5.6
2025-08-22 20:42:03.326997,8.8,77.5,26.0
2025-08-23 20:42:03.326997,2.8,79.2,11.2
2025-08-24 20:42:03.326997,6.1,70.9,19.5
2025-08-25 20:42:03.326997,3.2,77.6,14.0
2025-08-26 20:42:03.326997,6.6,76.4,8.0
2025-08-27 20:42:03.326997,6.6,73.8,6.5
2025-08-28 20:42:03.326997,8.6,79.1,3.4
2025-08-29 20:42:03.326997,11.4,82.2,29.8
2025-08-30 20:42:03.326997,9.1,80.5,9.3
2025-08-31 20:42:03.326997,9.4,83.8,22.6
2025-09-01 20:42:03.326997,13.4,78.7,29.2
2025-09-02 20:42:03.326997,9.0,79.5,5.5
2025-09-03 20:42:03.326997,6.9,80.9,4.6
2025-09-04 20:42:03.326997,6.7,80.0,36.5
2025-09-05 20:42:03.326997,9.7,75.0,27.8
2025-09-06 20:42:03.326997,10.6,79.6,7.7
2025-09-07 20:42:03.326997,11.1,84.4,9.5
2025-09-08 20:42:03.326997,5.2,81.3,3.7
2025-09-09 20:42:03.326997,4.0,84.4,10.0
2025-09-10 20:42:03.326997,4.0,81.8,6.6
2025-09-11 20:42:03.326997,2.9,90.4,25.5
2025-09-12 20:42:03.326997,8.3,72.7,37.0
2025-09-13 20:42:03.326997,7.6,88.5,31.6
2025-09-14 20:42:03.326997,8.5,76.7,28.9
2025-09-15 20:42:03.326997,8.1,75.0,27.8
2025-09-16 20:42:03.326997,7.9,79.4,25.1
2025-09-17 20:42:03.326997,8.7,78.0,39.0
2025-09-18 20:42:03.326997,6.2,79.7,36.8
2025-09-19 20:42:03.326997,10.3,79.1,26.8
2025-09-20 20:42:03.326997,12.6,88.3,10.0
2025-09-21 20:42:03.326997,6.5,84.1,38.9
2025-09-22 20:42:03.326997,9.5,78.6,34.9
2025-09-23 20:42:03.326997,9.6,83.4,24.6
2025-09-24 20:42:03.326997,12.0,93.3,20.0
2025-09-25 20:42:03.326997,8.5,82.3,39.3
2025-09-26 20:42:03.326997,16.5,87.8,26.4
2025-09-27 20:42:03.326997,11.4,86.8,21.7
2025-09-28 20:42:03.326997,11.3,77.0,33.2
2025-09-29 20:42:03.326997,15.1,80.3,17.7
2025-09-30 20:42:03.326997,9.1,80.9,6.9
2025-10-01 20:42:03.326997,17.6,91.5,10.2
2025-10-02 20:42:03.326997,10.4,74.9,23.2
2025-10-03 20:42:03.326997,10.8,84.9,14.7
2025-10-04 20:42:03.326997,8.9,85.3,34.5
2025-10-05 20:42:03.326997,8.8,81.2,29.6
2025-10-06 20:42:03.326997,11.6,92.8,39.8
2025-10-07 20:42:03.326997,16.5,87.4,35.2
2025-10-08 20:42:03.326997,11.3,78.6,14.2
2025-10-09 20:42:03.326997,15.5,90.2,13.7
2025-10-10 20:42:03.326997,13.2,85.8,27.8
2025-10-11 20:42:03.326997,18.5,84.3,23.5
2025-10-12 20:42:03.326997,16.2,92.1,12.0
2025-10-13 20:42:03.326997,11.9,81.3,17.9
2025-10-14 20:42:03.326997,12.7,85.8,27.2
2025-10-15 20:42:03.326997,15.2,83.9,4.6
2025-10-16 20:42:03.326997,13.5,90.1,21.6
2025-10-17 20:42:03.326997,18.4,85.2,25.9
2025-10-18 20:42:03.326997,11.1,77.9,34.5
2025-10-19 20:42:03.326997,12.0,91.3,38.2
2025-10-20 20:42:03.326997,13.8,84.7,28.0
2025-10-21 20:42:03.326997,10.9,78.3,27.2
2025-10-22 20:42:03.326997,13.6,90.8,6.2
